0.000000000000000000e+00,5.000000000000000000e+01,-1.411986148042918801e-04
1.000000000000000000e+00,5.000000000000000000e+01,-8.059164491262524104e-04
2.000000000000000000e+00,5.000000000000000000e+01,1.009290511479058903e-03
3.000000000000000000e+00,5.000000000000000000e+01,3.057510816318666788e-04
4.000000000000000000e+00,5.000000000000000000e+01,-1.038718505239223178e-03
5.000000000000000000e+00,5.000000000000000000e+01,-3.699936718102407314e-04
6.000000000000000000e+00,5.000000000000000000e+01,-2.506515057979377225e-04
7.000000000000000000e+00,5.000000000000000000e+01,-1.251852115328568385e-04
8.000000000000000000e+00,5.000000000000000000e+01,5.161294986381499130e-04
9.000000000000000000e+00,5.000000000000000000e+01,-5.887117977457457726e-04
1.000000000000000000e+01,5.000000000000000000e+01,-4.759460974985713229e-04
1.100000000000000000e+01,5.000000000000000000e+01,-8.315628228677526606e-04
1.200000000000000000e+01,5.000000000000000000e+01,7.539410157766879500e-04
1.300000000000000000e+01,5.000000000000000000e+01,2.750154543962656049e-04
1.400000000000000000e+01,5.000000000000006395e+01,-7.436747196531020253e-04
1.500000000000000000e+01,5.000000000000080291e+01,-8.638491585037622825e-04
1.600000000000000000e+01,5.000000000000817835e+01,9.633509096749001558e-05
1.700000000000000000e+01,5.000000000006592416e+01,-1.131862293759657847e-03
1.800000000000000000e+01,5.000000000043254289e+01,2.494237868012023429e-04
1.900000000000000000e+01,5.000000000237330511e+01,-5.280007033381331092e-04
2.000000000000000000e+01,5.000000001113442494e+01,-7.685681588179415092e-04
2.100000000000000000e+01,5.000000004552260435e+01,6.602885219856520537e-04
2.200000000000000000e+01,5.000000016486439591e+01,-4.360696917557475074e-05
2.300000000000000000e+01,5.000000053583814008e+01,1.224144604702276677e-03
2.400000000000000000e+01,5.000000158194617939e+01,-1.155317670886051896e-03
2.500000000000000000e+01,5.000000428639538796e+01,1.649329760816584372e-04
2.600000000000000000e+01,5.000001075668972561e+01,3.050629967700300006e-04
2.700000000000000000e+01,5.000002520057395117e+01,-4.940511225940787045e-05
2.800000000000000000e+01,5.000005545126457918e+01,-5.021603219357121143e-04
2.900000000000000000e+01,5.000011520465891834e+01,4.992078920591192740e-04
3.000000000000000000e+01,5.000022727435555225e+01,1.002018415113366343e-03
3.100000000000000000e+01,5.000042780910259665e+01,-4.953033364015333633e-04
3.200000000000000000e+01,5.000077150711402396e+01,-1.292189230312532295e-03
3.300000000000000000e+01,5.000133773583373653e+01,9.339489120982450050e-04
3.400000000000000000e+01,5.000223725503214922e+01,-6.490065299958126853e-04
3.500000000000000000e+01,5.000361908465179539e+01,8.989628057780736084e-04
3.600000000000000000e+01,5.000567691345425203e+01,-6.950720404254442713e-04
3.700000000000000000e+01,5.000865433700944607e+01,-8.976813409789122331e-05
3.800000000000000000e+01,5.001284816971767100e+01,5.489549393529103869e-04
3.900000000000000000e+01,5.001860911148111910e+01,1.278528963458183372e-03
4.000000000000000000e+01,5.002633917117050544e+01,-8.323230536064747751e-04
4.100000000000000000e+01,5.003648544957137290e+01,-9.328810548364167539e-04
4.200000000000000000e+01,5.004953014691483304e+01,-1.044141785601762629e-03
4.300000000000000000e+01,5.006597695306859919e+01,-1.305713531836902872e-03
4.400000000000000000e+01,5.008633429297852047e+01,-7.298270874950177995e-04
4.500000000000000000e+01,5.011109624181017352e+01,8.957157045910797612e-04
4.600000000000000000e+01,5.014072185410866922e+01,6.943068636013848785e-05
4.700000000000000000e+01,5.017561415601667107e+01,6.393115744453323852e-04
4.800000000000000000e+01,5.021610001131993783e+01,-6.808944983879555019e-04
4.900000000000000000e+01,5.026241191116987750e+01,9.887744264822910956e-04
5.000000000000000000e+01,5.031467254160651947e+01,1.226681915035525297e-03
5.100000000000000000e+01,5.037288323557333314e+01,-2.911829310422564933e-04
5.200000000000000000e+01,5.043691652501821920e+01,-1.304178395685215951e-03
5.300000000000000000e+01,5.050651347302263616e+01,-5.273867247048970265e-04
5.400000000000000000e+01,5.058128556048475133e+01,-7.792570053608831749e-04
5.500000000000000000e+01,5.066072108736497626e+01,7.572259758518728751e-04
5.600000000000000000e+01,5.074419571672414975e+01,9.964486611641881070e-04
5.700000000000000000e+01,5.083098642184706506e+01,6.183943524327012702e-04
5.800000000000000000e+01,5.092028840400697476e+01,-1.200597121456955900e-03
5.900000000000000000e+01,5.101123391541059249e+01,-6.117589498013431592e-04
6.000000000000000000e+01,5.110291246652693786e+01,-1.192500565093450532e-03
6.100000000000000000e+01,5.119439141551538341e+01,6.762010007684785690e-04
6.200000000000000000e+01,5.128473634517430213e+01,7.107336255554916977e-04
6.300000000000000000e+01,5.137303052225534117e+01,3.713409287165412307e-04
6.400000000000000000e+01,5.145839287212685065e+01,-5.563584054049605665e-05
6.500000000000000000e+01,5.153999406209098311e+01,-7.093349453685053162e-04
6.600000000000000000e+01,5.161707035331000526e+01,-1.001080841303077229e-03
6.700000000000000000e+01,5.168893496475252647e+01,2.058177883580301004e-04
6.800000000000000000e+01,5.175498675059246523e+01,2.764781321770060259e-04
6.900000000000000000e+01,5.181471621045427867e+01,2.607204117841566159e-04
7.000000000000000000e+01,5.186771105355873601e+01,-1.223713050868245080e-04
7.100000000000000000e+01,5.191365518523662814e+01,1.168759946228621399e-03
7.200000000000000000e+01,5.195233043430809516e+01,1.271395512531838835e-03
7.300000000000000000e+01,5.198361218719035293e+01,1.015777588315352640e-03
7.400000000000000000e+01,5.200746496478360115e+01,-1.943054281985900336e-04
7.500000000000000000e+01,5.202393766285648269e+01,2.730934904852725916e-04
7.600000000000000000e+01,5.203315557267824687e+01,-6.699237782885795285e-04
7.700000000000000000e+01,5.203524909282365485e+01,8.578386743468676074e-04
7.800000000000000000e+01,5.203060863328922636e+01,-2.487446248333820449e-04
7.900000000000000000e+01,5.201949007984042339e+01,6.565214144043953187e-04
8.000000000000000000e+01,5.200224089838934560e+01,7.073274611319284311e-04
8.100000000000000000e+01,5.197925493730067359e+01,3.261580546933675142e-04
8.200000000000000000e+01,5.195095253904829491e+01,1.957954936459311440e-04
8.300000000000000000e+01,5.191777541170030474e+01,-5.197451677475663310e-04
8.400000000000000000e+01,5.188017959556626835e+01,8.148832175582184810e-04
8.500000000000000000e+01,5.183862894840933677e+01,-9.959607856794396377e-04
8.600000000000000000e+01,5.179358871946978127e+01,-1.330952829054072835e-03
8.700000000000000000e+01,5.174551819101085925e+01,7.689540879177827516e-05
8.800000000000000000e+01,5.169486641773367097e+01,9.103826419690717051e-04
8.900000000000000000e+01,5.164206857937060136e+01,1.712933347876069402e-04
9.000000000000000000e+01,5.158754283886772640e+01,7.346720551156869870e-04
9.100000000000000000e+01,5.153168693640574816e+01,1.136973401823051285e-03
9.200000000000000000e+01,5.147487635391710370e+01,-1.864744267208711531e-04
9.300000000000000000e+01,5.141746259060337110e+01,-4.194525503182068658e-05
9.400000000000000000e+01,5.135977188223579759e+01,-1.714554532304494452e-04
9.500000000000000000e+01,5.130210446868630214e+01,1.100809392185904639e-04
9.600000000000000000e+01,5.124473427187736263e+01,9.958180526276319468e-04
9.700000000000000000e+01,5.118790893637067541e+01,6.140609830534645179e-04
9.800000000000000000e+01,5.113185018464952947e+01,-5.133005775326176037e-04
9.900000000000000000e+01,5.107675444050032354e+01,-1.379519588748615022e-03
1.000000000000000000e+02,5.102279366467720934e+01,1.203335779685612335e-03
1.010000000000000000e+02,5.097011638901574315e+01,1.229607454724422416e-04
1.020000000000000000e+02,5.091884887852152985e+01,-3.738253402116558776e-04
1.030000000000000000e+02,5.086909640958567280e+01,1.204731094798210198e-03
1.040000000000000000e+02,5.082094463274751206e+01,1.131425863973238360e-03
1.050000000000000000e+02,5.077446095461814934e+01,1.372265711983575729e-03
1.060000000000000000e+02,5.072969597744712189e+01,5.431038358336655390e-05
1.070000000000000000e+02,5.068668493492291560e+01,-2.637100153746916534e-04
1.080000000000000000e+02,5.064544900402935212e+01,4.702249128109594581e-04
1.090000000000000000e+02,5.060599677206850799e+01,9.828061334841090967e-04
1.100000000000000000e+02,5.056832560311327285e+01,-3.662865758552042426e-04
1.110000000000000000e+02,5.053242284407339469e+01,-9.405482026611842019e-04
1.120000000000000000e+02,5.049826703954488494e+01,-1.230284494965038248e-03
1.130000000000000000e+02,5.046582914453325941e+01,-8.659585713149634423e-04
1.140000000000000000e+02,5.043507360720348487e+01,-5.418551215001316196e-04
1.150000000000000000e+02,5.040595930857389817e+01,-7.746351388329637605e-04
1.160000000000000000e+02,5.037844051755891428e+01,1.110660454749682431e-03
1.170000000000000000e+02,5.035246779523709648e+01,-1.269885999540492152e-03
1.180000000000000000e+02,5.032798879677032033e+01,4.809727202850428481e-04
1.190000000000000000e+02,5.030494903124168360e+01,5.651376427721925615e-05
1.200000000000000000e+02,5.028329259758020697e+01,-6.633045265554495017e-04
1.210000000000000000e+02,5.026296289641820891e+01,1.964352444506746399e-04
1.220000000000000000e+02,5.024390333214019222e+01,-2.077352695547066694e-04
1.230000000000000000e+02,5.022605803153068393e+01,1.318976947929895952e-03
1.240000000000000000e+02,5.020937258939221692e+01,-3.505281138182438539e-04
1.250000000000000000e+02,5.019379485190705026e+01,-1.355958482589592409e-03
1.260000000000000000e+02,5.017927574257753065e+01,-9.658951784134394390e-04
1.270000000000000000e+02,5.016577013525343887e+01,-7.286007131760565509e-04
1.280000000000000000e+02,5.015323776167935677e+01,3.212395207563961404e-04
1.290000000000000000e+02,5.014164414264972436e+01,4.854424942714458124e-04
1.300000000000000000e+02,5.013096152022779251e+01,-8.218903050312354385e-04
1.310000000000000000e+02,5.012116976520141520e+01,-5.503116375275773301e-04
1.320000000000000000e+02,5.011225722726742049e+01,-7.514389026666178821e-04
1.330000000000000000e+02,5.010422150040803757e+01,1.102730009780716718e-03
1.340000000000000000e+02,5.009707006455236211e+01,1.290252625851423562e-04
1.350000000000000000e+02,5.009082077805851441e+01,3.009958101467574330e-04
1.360000000000000000e+02,5.008550219747208843e+01,1.321840819460604098e-03
1.370000000000000000e+02,5.008115369128405803e+01,-3.844393619674179089e-05
1.380000000000000000e+02,5.007782535265365453e+01,2.046865821346573037e-04
1.390000000000000000e+02,5.007557773245655142e+01,9.975727847560062270e-04
1.400000000000000000e+02,5.007448136133470484e+01,7.135728401944008061e-04
1.410000000000000000e+02,5.007461793305390785e+01,3.911852837593937518e-04
1.420000000000000000e+02,5.007607039702467233e+01,-4.182176624763489763e-04
1.430000000000000000e+02,5.007893721593774217e+01,1.222859816624107714e-03
1.440000000000000000e+02,5.008331936550425212e+01,2.090289602764564610e-04
1.450000000000000000e+02,5.008932254626579095e+01,-3.005986538428357334e-04
1.460000000000000000e+02,5.009705586264668398e+01,7.317710341100654506e-04
1.470000000000000000e+02,5.010662918129521870e+01,-1.584577735584419972e-04
1.480000000000000000e+02,5.011815370059741781e+01,-1.224328886017779115e-03
1.490000000000000000e+02,5.013173961658531397e+01,-1.083172049414231255e-03
1.500000000000000000e+02,5.014749466257316612e+01,8.832440606401990683e-04
1.510000000000000000e+02,5.016552284990228117e+01,-2.626999589006903777e-04
1.520000000000000000e+02,5.018592420219693651e+01,-2.380592483329229292e-04
1.530000000000000000e+02,5.020879191077210635e+01,-3.233445849144725827e-04
1.540000000000000000e+02,5.023421161193536477e+01,-1.367152067574676491e-03
1.550000000000000000e+02,5.026226088153678262e+01,-1.260495199080377982e-03
1.560000000000000000e+02,5.029300867412982257e+01,1.125853899978900658e-03
1.570000000000000000e+02,5.032651478378853227e+01,5.731037651521605353e-04
1.580000000000000000e+02,5.036282942325721734e+01,1.142387297236084620e-03
1.590000000000000000e+02,5.040199303349756121e+01,9.191003480799338600e-04
1.600000000000000000e+02,5.044403600335073179e+01,1.332045755891163698e-03
1.610000000000000000e+02,5.048897862444718498e+01,1.117174510756160531e-03
1.620000000000000000e+02,5.053683068376857079e+01,1.064872754390474045e-03
1.630000000000000000e+02,5.058759308102390406e+01,5.461713130404076411e-04
1.640000000000000000e+02,5.064125685753636219e+01,-4.793378938095032801e-04
1.650000000000000000e+02,5.069780405948525015e+01,-1.213788570623803350e-03
1.660000000000000000e+02,5.075720856490288213e+01,5.838851873907436804e-04
1.670000000000000000e+02,5.081943573493371247e+01,6.299293819019302111e-04
1.680000000000000000e+02,5.088444450051352419e+01,8.960302455066565877e-04
1.690000000000000000e+02,5.095218606874226452e+01,-1.324163209953615203e-03
1.700000000000000000e+02,5.102260636970822816e+01,1.238530945203420580e-03
1.710000000000000000e+02,5.109564516640094212e+01,-5.791553131658672555e-05
1.720000000000000000e+02,5.117123781712763986e+01,-1.101049301964428771e-04
1.730000000000000000e+02,5.124931514676400468e+01,1.325624914781790972e-03
1.740000000000000000e+02,5.132980450266686745e+01,-9.385575508445733166e-04
1.750000000000000000e+02,5.141263023087638828e+01,-6.846269288965444550e-04
1.760000000000000000e+02,5.149771422986243152e+01,8.645332152700655652e-04
1.770000000000000000e+02,5.158497658779672435e+01,-1.049916270975784910e-03
1.780000000000000000e+02,5.167433614564431821e+01,6.286981326310551359e-04
1.790000000000000000e+02,5.176571075421555435e+01,1.193432354031424532e-03
1.800000000000000000e+02,5.185901825295890433e+01,-8.327045106350484342e-04
1.810000000000000000e+02,5.195417607826970396e+01,-6.653700394900047797e-04
1.820000000000000000e+02,5.205110271755256690e+01,1.015172669881082412e-03
1.830000000000000000e+02,5.214971680163262846e+01,9.488688465339301494e-04
1.840000000000000000e+02,5.224993870778856575e+01,-1.912729007446080593e-04
1.850000000000000000e+02,5.235168977075810659e+01,-1.198732787265037328e-03
1.860000000000000000e+02,5.245489314832216365e+01,-1.220789031758804689e-03
1.870000000000000000e+02,5.255947386869316063e+01,-1.206124998667408793e-03
1.880000000000000000e+02,5.266535879772060014e+01,1.132888379741510914e-04
1.890000000000000000e+02,5.277247729174864332e+01,1.022391270318614596e-03
1.900000000000000000e+02,5.288076060048244642e+01,3.402799550845364411e-04
1.910000000000000000e+02,5.299014282725620006e+01,-2.113989230709806928e-04
1.920000000000000000e+02,5.310056004506956384e+01,1.051653391462921590e-03
1.930000000000000000e+02,5.321195133046020231e+01,1.032576490250949105e-03
1.940000000000000000e+02,5.332425782768547862e+01,1.469114832508887038e-05
1.950000000000000000e+02,5.343742362325170348e+01,-3.295110962031382257e-04
1.960000000000000000e+02,5.355139510480574216e+01,-8.691617522050866518e-04
1.970000000000000000e+02,5.366612126015149897e+01,1.147794753720111222e-03
1.980000000000000000e+02,5.378155360617042646e+01,-4.386193453775346870e-04
1.990000000000000000e+02,5.389764600053063504e+01,-1.975565283812287618e-04
2.000000000000000000e+02,5.401435484957291067e+01,2.759010577709380984e-04
2.010000000000000000e+02,5.413163873121184366e+01,1.315446553118052671e-04
2.020000000000000000e+02,5.424945865862215300e+01,-1.228250882593998495e-03
2.030000000000000000e+02,5.436777760941469495e+01,-7.670067483898177635e-04
2.040000000000000000e+02,5.448656083779312809e+01,1.277342467025784035e-03
2.050000000000000000e+02,5.460577561258128299e+01,-5.601903409701974043e-04
2.060000000000000000e+02,5.472539119338336633e+01,7.688477306312090911e-04
2.070000000000000000e+02,5.484537882731822833e+01,6.206894887798447568e-05
2.080000000000000000e+02,5.496571160286767110e+01,1.017086960894530339e-03
2.090000000000000000e+02,5.508636440516706045e+01,-2.986362529924230908e-04
2.100000000000000000e+02,5.520731387510364385e+01,8.799876945192709136e-04
2.110000000000000000e+02,5.532853785539705882e+01,2.516351342669714006e-04
2.120000000000000000e+02,5.545001494307071255e+01,2.117730182671282411e-04
2.130000000000000000e+02,5.557172638027040534e+01,-8.563995122395576124e-05
2.140000000000000000e+02,5.569365421032260599e+01,-5.484450165712836771e-04
2.150000000000000000e+02,5.581578167791089840e+01,-1.148656601029346370e-03
2.160000000000000000e+02,5.593809352110899624e+01,4.695777222535014116e-04
2.170000000000000000e+02,5.606057513751981247e+01,-3.438987154255366630e-04
2.180000000000000000e+02,5.618321301984291694e+01,3.518894440181119694e-04
2.190000000000000000e+02,5.630599456503090039e+01,-1.336539314386130280e-03
2.200000000000000000e+02,5.642890847492805761e+01,-4.986021108288390610e-04
2.210000000000000000e+02,5.655194427963528625e+01,1.233547160471051146e-03
2.220000000000000000e+02,5.667509172206029433e+01,-3.608222441699084765e-04
2.230000000000000000e+02,5.679834144746977387e+01,5.671703105745993286e-04
2.240000000000000000e+02,5.692168485940557332e+01,-6.160648753064572412e-04
2.250000000000000000e+02,5.704511519263913044e+01,1.087324238572274972e-03
2.260000000000000000e+02,5.716862460711055149e+01,6.537612852513831601e-04
2.270000000000000000e+02,5.729220634911890642e+01,-3.443702971550138364e-05
2.280000000000000000e+02,5.741585410973332415e+01,1.292999831456355777e-03
2.290000000000000000e+02,5.753956287212279364e+01,8.535343151950212101e-04
2.300000000000000000e+02,5.766332747947672033e+01,-3.432244659637481016e-04
2.310000000000000000e+02,5.778714293404627256e+01,3.205922896643315523e-04
2.320000000000000000e+02,5.791100476141042463e+01,9.585084036676717227e-04
2.330000000000000000e+02,5.803490903135020318e+01,1.132155512429377283e-03
2.340000000000000000e+02,5.815885257064191904e+01,4.891829831737135644e-04
2.350000000000000000e+02,5.828283165571635749e+01,-9.432726527680785136e-04
2.360000000000000000e+02,5.840684310225819331e+01,-3.129741915039442558e-04
2.370000000000000000e+02,5.853088391222654963e+01,-1.146487764871267304e-03
2.380000000000000000e+02,5.865495214542954727e+01,-6.948325269203006228e-04
2.390000000000000000e+02,5.877904511042685698e+01,-7.851388856042320957e-04
2.400000000000000000e+02,5.890316050044701512e+01,8.126596990370684370e-04
2.410000000000000000e+02,5.902729617056640166e+01,1.374511526177907804e-03
2.420000000000000000e+02,5.915145050655993941e+01,-6.612905361397613093e-04
2.430000000000000000e+02,5.927562211014706151e+01,1.350524817299257651e-03
2.440000000000000000e+02,5.939980915089106617e+01,-2.219685084439828389e-04
2.450000000000000000e+02,5.952401013090359783e+01,-1.229979399977705872e-03
2.460000000000000000e+02,5.964822368796886565e+01,-1.132648930577446686e-03
2.470000000000000000e+02,5.977244920088365632e+01,-1.097916494093212738e-03
2.480000000000000000e+02,5.989668528691193927e+01,-8.826567759722555475e-06
2.490000000000000000e+02,6.002093093160051041e+01,1.121042757481247965e-04
2.500000000000000000e+02,6.014518517581979751e+01,1.240865650051087028e-03
2.510000000000000000e+02,6.026944743170114549e+01,-1.576191677067600018e-04
2.520000000000000000e+02,6.039371699539756122e+01,1.832988754834515553e-04
2.530000000000000000e+02,6.051799310375576368e+01,-8.692986386316434557e-04
2.540000000000000000e+02,6.064227511818452143e+01,3.559273592605962299e-04
2.550000000000000000e+02,6.076656250415035032e+01,8.261626154730943332e-04
2.560000000000000000e+02,6.089085492316519321e+01,-5.845910793140821852e-04
2.570000000000000000e+02,6.101515181302244883e+01,8.030673909866716149e-04
2.580000000000000000e+02,6.113945273670686475e+01,-1.877911790884064360e-04
2.590000000000000000e+02,6.126375727649570280e+01,6.872776685642362259e-04
2.600000000000000000e+02,6.138806524710020085e+01,1.180877729056166881e-03
2.610000000000000000e+02,6.151237627054616297e+01,-1.302231369243211142e-04
2.620000000000000000e+02,6.163669002806902597e+01,-1.637399811585403043e-04
2.630000000000000000e+02,6.176100622672205276e+01,5.560586416186598759e-05
2.640000000000000000e+02,6.188532467368305845e+01,1.133093942243642866e-03
2.650000000000000000e+02,6.200964522582039251e+01,-3.623074839262621530e-04
2.660000000000000000e+02,6.213396761736256479e+01,1.875274181729882027e-04
2.670000000000000000e+02,6.225829165048948965e+01,-7.892026016074040005e-04
2.680000000000000000e+02,6.238261714352469767e+01,-5.043577963992090405e-04
2.690000000000000000e+02,6.250694406701271788e+01,-9.534864155409663537e-04
2.700000000000000000e+02,6.263127222302644270e+01,-2.288936626144177401e-04
2.710000000000000000e+02,6.275560148495389967e+01,-7.980433877622138475e-04
2.720000000000000000e+02,6.287993173267183522e+01,-5.868939591965752559e-04
2.730000000000000000e+02,6.300426290260847395e+01,-1.027948516923168215e-03
2.740000000000000000e+02,6.312859491576480053e+01,-4.861506329411940030e-04
2.750000000000000000e+02,6.325292767667961158e+01,-1.035880476709846818e-03
2.760000000000000000e+02,6.337726111017633457e+01,-7.718992657526960437e-04
2.770000000000000000e+02,6.350159515719158065e+01,4.847006138189784109e-04
2.780000000000000000e+02,6.362592979695450168e+01,3.713082021959894334e-04
2.790000000000000000e+02,6.375026496322882963e+01,-2.621233594914510498e-04
2.800000000000000000e+02,6.387460061331464800e+01,-1.145185026222414817e-03
2.810000000000000000e+02,6.399893670803033530e+01,1.219417290818478007e-03
2.820000000000000000e+02,6.412327321073087205e+01,1.088703926554028545e-04
2.830000000000000000e+02,6.424761008632613368e+01,2.320452553501383916e-04
2.840000000000000000e+02,6.437194730029925438e+01,3.098473647471245156e-04
2.850000000000000000e+02,6.449628481772491284e+01,-7.166894620647582632e-04
2.860000000000000000e+02,6.462062262703766180e+01,1.147755369332465955e-03
2.870000000000000000e+02,6.474496071658002450e+01,-9.345920575402589473e-04
2.880000000000000000e+02,6.486929903348348603e+01,-9.642834422485168028e-04
2.890000000000000000e+02,6.499363754299000107e+01,-6.140877809621543516e-04
2.900000000000000000e+02,6.511797620682990839e+01,-5.481506519729628830e-04
2.910000000000000000e+02,6.524231498236228788e+01,6.893908673381764977e-05
2.920000000000000000e+02,6.536665382171513272e+01,-5.369558016379839512e-04
2.930000000000000000e+02,6.549099267092559273e+01,-8.357570528806168922e-05
2.940000000000000000e+02,6.561533146908026026e+01,-7.841531061465625667e-05
2.950000000000000000e+02,6.573967049955517439e+01,-1.240316589284167891e-03
2.960000000000000000e+02,6.586400974736085345e+01,-1.170787883507212035e-05
2.970000000000000000e+02,6.598834905563235509e+01,2.066369393090172096e-04
2.980000000000000000e+02,6.611268840878756237e+01,-7.407863391401450087e-04
2.990000000000000000e+02,6.623702779061571277e+01,7.107013591936596226e-04
3.000000000000000000e+02,6.636136718401978385e+01,-1.091732701658786888e-04
3.010000000000000000e+02,6.648570657075879353e+01,9.442306053990847086e-04
3.020000000000000000e+02,6.661004593119022843e+01,2.462730022456765570e-05
3.030000000000000000e+02,6.673438524401237260e+01,1.732419061922591745e-04
3.040000000000000000e+02,6.685872462357129109e+01,-1.088987725683881070e-03
3.050000000000000000e+02,6.698306401667147725e+01,1.088776687109466396e-03
3.060000000000000000e+02,6.710740340254477587e+01,9.618240456704382551e-04
3.070000000000000000e+02,6.723174278059221365e+01,-1.321598647115941128e-03
3.080000000000000000e+02,6.735608215148182865e+01,-1.327869360234717458e-03
3.090000000000000000e+02,6.748042151714886927e+01,2.023935773920117372e-04
3.100000000000000000e+02,6.760476088079556689e+01,-1.574740739088653326e-04
3.110000000000000000e+02,6.772910024689130637e+01,-2.635358560975100653e-04
3.120000000000000000e+02,6.785343961994222184e+01,-3.187154880391370577e-04
3.130000000000000000e+02,6.797777896737993331e+01,-3.649488169173434804e-04
3.140000000000000000e+02,6.810211832130318044e+01,4.392943474184372930e-04
3.150000000000000000e+02,6.822645768832025226e+01,7.563790101120461320e-04
3.160000000000000000e+02,6.835079707610809407e+01,-6.133108899537264300e-04
3.170000000000000000e+02,6.847513649341210851e+01,-9.794758682767910115e-04
3.180000000000000000e+02,6.859947595004626919e+01,-4.290892419324597541e-04
3.190000000000000000e+02,6.872381545689303550e+01,-1.322732054836515394e-03
3.200000000000000000e+02,6.884815502590343783e+01,8.365595568094925678e-04
3.210000000000000000e+02,6.897249462390695385e+01,-1.971020880601957162e-04
3.220000000000000000e+02,6.909683409676293309e+01,1.252441515232834233e-03
3.230000000000000000e+02,6.922117357267008231e+01,1.353583317867970010e-03
3.240000000000000000e+02,6.934551305067753901e+01,-1.360303174703765550e-03
3.250000000000000000e+02,6.946985252975348146e+01,4.703836394575814490e-04
3.260000000000000000e+02,6.959419200878507183e+01,6.738094329275597268e-04
3.270000000000000000e+02,6.971853148657849886e+01,-1.572155778623030302e-04
3.280000000000000000e+02,6.984287096185894939e+01,9.941806410971398920e-04
3.290000000000000000e+02,6.996721043327062262e+01,4.189453320772789724e-04
3.300000000000000000e+02,7.009154989937668745e+01,8.290961552755147547e-04
3.310000000000000000e+02,7.021588935865942460e+01,1.164270041863127349e-03
3.320000000000000000e+02,7.034022880951995660e+01,-1.056566423640826731e-03
3.330000000000000000e+02,7.046456825027860305e+01,-1.785075360520157952e-04
3.340000000000000000e+02,7.058890767917452536e+01,8.667046412766550838e-04
3.350000000000000000e+02,7.071324709436599676e+01,6.571883917622570312e-04
3.360000000000000000e+02,7.083758649393027440e+01,1.056435832125066218e-03
3.370000000000000000e+02,7.096192587586357092e+01,4.322763025382969789e-04
3.380000000000000000e+02,7.108626523808121078e+01,1.052243490177941871e-03
3.390000000000000000e+02,7.121060469330284093e+01,8.804277906484177544e-04
3.400000000000000000e+02,7.133494423874131485e+01,3.692449050654009516e-04
3.410000000000000000e+02,7.145928381002075014e+01,-9.043969732061754975e-04
3.420000000000000000e+02,7.158362341042794696e+01,8.040462427009950359e-04
3.430000000000000000e+02,7.170796304342847804e+01,-9.205583856085693042e-04
3.440000000000000000e+02,7.183230271266667444e+01,-6.885389288029146113e-04
3.450000000000000000e+02,7.195664242196559712e+01,2.192818320051514232e-04
3.460000000000000000e+02,7.208098217532705121e+01,1.118537508743366621e-03
3.470000000000000000e+02,7.220532197693164278e+01,-1.125038589397901604e-04
3.480000000000000000e+02,7.232966183113870784e+01,1.147036214544101818e-03
3.490000000000000000e+02,7.245400174248632652e+01,9.886551815444163949e-04
3.500000000000000000e+02,7.257834171569130888e+01,-5.482139549476159690e-04
3.510000000000000000e+02,7.270268175564930857e+01,1.208742771626386764e-03
3.520000000000000000e+02,7.282702186743463812e+01,5.815820363189508607e-04
3.530000000000000000e+02,7.295136205630039683e+01,9.407165669750626805e-04
3.540000000000000000e+02,7.307570232767848495e+01,-9.301507212535230825e-04
3.550000000000000000e+02,7.320004243117134024e+01,-1.304339361342411567e-03
3.560000000000000000e+02,7.332438246846783159e+01,2.224181587351332164e-04
3.570000000000000000e+02,7.344872251747932523e+01,-7.296550851097417703e-05
3.580000000000000000e+02,7.357306257581259956e+01,1.105844714121655614e-03
3.590000000000000000e+02,7.369740264091358029e+01,-1.186807567248734051e-04
3.600000000000000000e+02,7.382174271006753941e+01,3.439705440833912709e-04
3.610000000000000000e+02,7.394608278039875415e+01,-5.169245994055050343e-04
3.620000000000000000e+02,7.407042284887081962e+01,-2.269802981179508698e-04
3.630000000000000000e+02,7.419476291228650666e+01,1.105740879970649754e-03
3.640000000000000000e+02,7.431910296728771925e+01,-3.964571249843544792e-04
3.650000000000000000e+02,7.444344301035559397e+01,1.290166342173526418e-03
3.660000000000000000e+02,7.456778303781045736e+01,2.420145125523255375e-04
3.670000000000000000e+02,7.469212304581184014e+01,5.972785209786560045e-05
3.680000000000000000e+02,7.481646303035844880e+01,-6.083952880046478726e-04
3.690000000000000000e+02,7.494080298728820821e+01,4.601396591484057589e-04
3.700000000000000000e+02,7.506514291227816216e+01,5.312422221280700815e-04
3.710000000000000000e+02,7.518948292770235753e+01,9.317631956191772726e-04
3.720000000000000000e+02,7.531382295042405417e+01,-6.505398503470071099e-04
3.730000000000000000e+02,7.543816296328238025e+01,-1.042160392526971088e-03
3.740000000000000000e+02,7.556250296467382555e+01,3.418425061266182476e-05
3.750000000000000000e+02,7.568684295296040432e+01,9.421161639418661627e-04
3.760000000000000000e+02,7.581118292646969792e+01,-3.957749602678743136e-06
3.770000000000000000e+02,7.593552288349484058e+01,4.799632771060344336e-04
3.780000000000000000e+02,7.605986282229453366e+01,-4.530254036974205108e-04
3.790000000000000000e+02,7.618420274109300294e+01,5.221708838909885821e-04
3.800000000000000000e+02,7.630854263808006976e+01,4.998589280910323545e-04
3.810000000000000000e+02,7.643288251141106571e+01,2.943797803890243927e-04
3.820000000000000000e+02,7.655722235920690366e+01,-1.256457538889844527e-03
3.830000000000000000e+02,7.668156217955404941e+01,4.291874081192945806e-04
3.840000000000000000e+02,7.680590197050446477e+01,2.070428655784915600e-04
3.850000000000000000e+02,7.693024173007577815e+01,-4.702948013502898433e-04
3.860000000000000000e+02,7.705458145818568028e+01,-2.049967511047915498e-04
3.870000000000000000e+02,7.717892126896802552e+01,-6.420162838025865210e-05
3.880000000000000000e+02,7.730326106956687227e+01,-1.231623703167174276e-03
3.890000000000000000e+02,7.742760086057192837e+01,-1.043452328433375383e-03
3.900000000000000000e+02,7.755194064264561860e+01,-3.895276105891950081e-04
3.910000000000000000e+02,7.767628041652289994e+01,4.746074891106005366e-04
3.920000000000000000e+02,7.780062018301138949e+01,-1.376157198605096809e-03
3.930000000000000000e+02,7.792495994299139284e+01,-4.644147870879730472e-04
3.940000000000000000e+02,7.804929969741574780e+01,8.483641369738757071e-04
3.950000000000000000e+02,7.817363944730996650e+01,-4.811669622220572889e-04
3.960000000000000000e+02,7.829797919377222115e+01,4.573820674100368550e-04
3.970000000000000000e+02,7.842231893797320197e+01,4.024475153341680296e-04
3.980000000000000000e+02,7.854665868115635874e+01,1.021843492553390145e-04
3.990000000000000000e+02,7.867099842463765924e+01,5.834921680467451761e-07
4.000000000000000000e+02,7.879533816980580241e+01,2.768646071058555382e-06
4.010000000000000000e+02,7.891967791812199096e+01,-1.269486359833077406e-03
4.020000000000000000e+02,7.904401766596407697e+01,-6.924557489401705380e-04
4.030000000000000000e+02,7.916835738792222799e+01,-1.044786086584785587e-03
4.040000000000000000e+02,7.929269710948295824e+01,-7.706552929048041166e-04
4.050000000000000000e+02,7.941703683157578553e+01,-3.225881093488392913e-05
4.060000000000000000e+02,7.954137655517047278e+01,-5.683508202252139459e-06
4.070000000000000000e+02,7.966571628127719862e+01,-6.608837337352936820e-04
4.080000000000000000e+02,7.979005601094634414e+01,9.769306903451855165e-04
4.090000000000000000e+02,7.991439574526870615e+01,3.102545391417104305e-04
4.100000000000000000e+02,8.003873548537534077e+01,-7.352898887797256790e-05
4.110000000000000000e+02,8.016307523243762034e+01,-2.359177375523189267e-04
4.120000000000000000e+02,8.028741498766727602e+01,-4.678436229471739471e-04
4.130000000000000000e+02,8.041175475231628411e+01,7.938468696186071205e-04
4.140000000000000000e+02,8.053609452767699395e+01,-7.199839618765027042e-04
4.150000000000000000e+02,8.066043431508207107e+01,-9.971719794563552522e-04
4.160000000000000000e+02,8.078477411590442614e+01,5.043241471222885321e-04
4.170000000000000000e+02,8.090911393155737130e+01,8.357458055077787934e-04
4.180000000000000000e+02,8.103345374537792623e+01,-8.112151066027561410e-04
4.190000000000000000e+02,8.115779352456307549e+01,-3.821508409730045916e-05
4.200000000000000000e+02,8.128213330750746479e+01,-2.861528059812262791e-04
4.210000000000000000e+02,8.140647309426876177e+01,9.376637362151395627e-04
4.220000000000000000e+02,8.153081288488571943e+01,-1.621490091616022177e-04
4.230000000000000000e+02,8.165515267937810506e+01,-7.468843925110152946e-04
4.240000000000000000e+02,8.177949247774675712e+01,1.111547799072131869e-03
4.250000000000000000e+02,8.190383227997352833e+01,-9.022838410441066806e-04
4.260000000000000000e+02,8.202817208602124310e+01,-8.067271063408635538e-04
4.270000000000000000e+02,8.215251189583385383e+01,1.809315283823701988e-04
4.280000000000000000e+02,8.227685170933629877e+01,-3.355406048408182207e-04
4.290000000000000000e+02,8.240119152643455891e+01,-1.271834763440865546e-03
4.300000000000000000e+02,8.252553134701568638e+01,-1.247756247415261819e-04
4.310000000000000000e+02,8.264987117094769076e+01,4.611607770858955867e-04
4.320000000000000000e+02,8.277421099807968119e+01,3.589187678187572049e-04
4.330000000000000000e+02,8.289855082824179533e+01,1.228439777780989794e-03
4.340000000000000000e+02,8.302289065936679435e+01,5.036105675672390139e-04
4.350000000000000000e+02,8.314723048985291598e+01,1.182037104980814988e-03
4.360000000000000000e+02,8.327157032145899507e+01,-4.116766990459101131e-04
4.370000000000000000e+02,8.339591015377700955e+01,-1.322493439980250689e-03
4.380000000000000000e+02,8.352024998636899511e+01,1.284417192505206157e-03
4.390000000000000000e+02,8.364458981876657617e+01,-1.758603312344098415e-04
4.400000000000000000e+02,8.376892965047092332e+01,-7.553053150384814738e-04
4.410000000000000000e+02,8.389326948095215641e+01,-1.058802642983795944e-03
4.420000000000000000e+02,8.401760930964913143e+01,-7.864191137811189737e-04
4.430000000000000000e+02,8.414194913596918468e+01,-1.045222533893835990e-03
4.440000000000000000e+02,8.426628895928766383e+01,-1.017520182601145415e-03
4.450000000000000000e+02,8.439062877894780001e+01,-7.763947300425956240e-04
4.460000000000000000e+02,8.451496859426015362e+01,-6.512793277591010248e-05
4.470000000000000000e+02,8.463930840450251480e+01,-6.970127342381131266e-04
4.480000000000000000e+02,8.476364820891940610e+01,1.024107409098587267e-03
4.490000000000000000e+02,8.488798800672188349e+01,8.260228190088488454e-04
4.500000000000000000e+02,8.501232781071288969e+01,-1.255843930464929908e-03
4.510000000000000000e+02,8.513666762151486012e+01,1.161328476206329894e-03
4.520000000000000000e+02,8.526100743019813422e+01,-4.105838391535923258e-04
4.530000000000000000e+02,8.538534723672103155e+01,-7.807334549076457670e-04
4.540000000000000000e+02,8.550968704106647067e+01,1.715714097971909467e-04
4.550000000000000000e+02,8.563402684324331915e+01,8.621299209243528340e-04
4.560000000000000000e+02,8.575836664328787151e+01,-9.106738981416606258e-04
4.570000000000000000e+02,8.588270644126517084e+01,-1.154588785311737526e-03
4.580000000000000000e+02,8.600704623727052933e+01,-1.257773109787041444e-03
4.590000000000000000e+02,8.613138603143087835e+01,-1.278013740566654377e-03
4.600000000000000000e+02,8.625572582390628895e+01,-8.632647666693766186e-04
4.610000000000000000e+02,8.638006561489120827e+01,2.695305979282676921e-04
4.620000000000000000e+02,8.650440540461605110e+01,-8.090206733792776068e-04
4.630000000000000000e+02,8.662874519334850731e+01,8.637098022642702554e-04
4.640000000000000000e+02,8.675308498139506241e+01,6.603537421448749849e-04
4.650000000000000000e+02,8.687742476910227651e+01,-1.033187581099035291e-03
4.660000000000000000e+02,8.700176455240864470e+01,9.362375098996291670e-04
4.670000000000000000e+02,8.712610433298353030e+01,-1.776726562486265150e-04
4.680000000000000000e+02,8.725044411265795929e+01,2.875763408875702865e-04
4.690000000000000000e+02,8.737478389172265736e+01,1.231255939614856083e-03
4.700000000000000000e+02,8.749912367050022510e+01,-1.187286084452510377e-03
4.710000000000000000e+02,8.762346344934599074e+01,1.350203623416821111e-03
4.720000000000000000e+02,8.774780322864890536e+01,-2.247466219319895842e-04
4.730000000000000000e+02,8.787214300883270823e+01,-3.231048919124044488e-04
4.740000000000000000e+02,8.799648279035669418e+01,1.135166835033889644e-03
4.750000000000000000e+02,8.812082257371679361e+01,-1.257111710430630332e-03
4.760000000000000000e+02,8.824516235944649623e+01,-1.388564727750596611e-04
4.770000000000000000e+02,8.836950214811785997e+01,-9.527032437367490480e-04
4.780000000000000000e+02,8.849384194034249163e+01,-5.913283648743896141e-04
4.790000000000000000e+02,8.861818173677239940e+01,4.304671419217453218e-04
4.800000000000000000e+02,8.874252153810107302e+01,-1.272339053786572137e-03
4.810000000000000000e+02,8.886686134506447843e+01,-2.010610855549755033e-04
4.820000000000000000e+02,8.899120113662714004e+01,-1.297192929190161626e-03
4.830000000000000000e+02,8.911554092537399185e+01,-6.400956230025266593e-04
4.840000000000000000e+02,8.923988071462025573e+01,-9.918980448177028893e-04
4.850000000000000000e+02,8.936422050434320852e+01,1.221394261417171325e-03
4.860000000000000000e+02,8.948856029450465144e+01,3.173402719456314131e-05
4.870000000000000000e+02,8.961290008505025639e+01,1.002336722823903535e-03
4.880000000000000000e+02,8.973723987590859963e+01,-4.590458945132197283e-04
4.890000000000000000e+02,8.986157966699035171e+01,-1.656972684596193040e-04
4.900000000000000000e+02,8.998591945818741067e+01,-8.042888794419028543e-05
4.910000000000000000e+02,9.011025924937210618e+01,1.327663214192919237e-03
4.920000000000000000e+02,9.023459904039634694e+01,-4.190519185232145023e-04
4.930000000000000000e+02,9.035893883109072533e+01,-3.722954920209553087e-04
4.940000000000000000e+02,9.048327862126372167e+01,7.257187386964928429e-04
4.950000000000000000e+02,9.060761841070083733e+01,-9.647520240103153646e-04
4.960000000000000000e+02,9.073195819916384153e+01,-5.718448838683102024e-04
4.970000000000000000e+02,9.085629798638973398e+01,-1.381394791449510728e-03
4.980000000000000000e+02,9.098063777209011960e+01,6.214059254424521674e-04
4.990000000000000000e+02,9.110497755595018532e+01,2.105112718029839328e-04
5.000000000000000000e+02,9.122931733762797535e+01,-4.379093960620610753e-04
5.010000000000000000e+02,9.135365711675352429e+01,-1.153602332500270038e-03
5.020000000000000000e+02,9.147799689292793346e+01,1.301680407540186648e-03
5.030000000000000000e+02,9.160233666572267452e+01,4.717337333469398737e-04
5.040000000000000000e+02,9.172667643467859477e+01,-1.050248243956277208e-03
5.050000000000000000e+02,9.185101619930517813e+01,-1.966982133257391869e-04
5.060000000000000000e+02,9.197535595907966410e+01,6.405972546564618446e-04
5.070000000000000000e+02,9.209969571344623773e+01,9.022293852647728270e-04
5.080000000000000000e+02,9.222403546181507750e+01,-9.487745473753902330e-04
5.090000000000000000e+02,9.234837520356164475e+01,3.001906321134988434e-04
5.100000000000000000e+02,9.247271493802577425e+01,-8.314187970596801942e-04
5.110000000000000000e+02,9.259705466451084988e+01,5.594696029453561249e-04
5.120000000000000000e+02,9.272139438228298047e+01,7.415382371490357883e-04
5.130000000000000000e+02,9.284573409968587043e+01,-8.627955208050753578e-04
5.140000000000000000e+02,9.297007387421767532e+01,-1.371691573607895743e-03
5.150000000000000000e+02,9.309441364994704315e+01,3.951980442950599496e-04
5.160000000000000000e+02,9.321875342704028355e+01,9.353315051692700968e-04
5.170000000000000000e+02,9.334309320567314217e+01,-1.808755725792828342e-05
5.180000000000000000e+02,9.346743298603098538e+01,6.714777284319997999e-04
5.190000000000000000e+02,9.359177276830904191e+01,5.539017028552879084e-05
5.200000000000000000e+02,9.371611255271282914e+01,6.444548656496069342e-04
5.210000000000000000e+02,9.384045233945815312e+01,-1.233905623111567103e-03
5.220000000000000000e+02,9.396479212877146381e+01,2.044355701041489649e-04
5.230000000000000000e+02,9.408913192089022459e+01,-1.259732722704506652e-03
5.240000000000000000e+02,9.421347171606295490e+01,6.215246923455719670e-04
5.250000000000000000e+02,9.433781151454964231e+01,1.014847061553210156e-03
5.260000000000000000e+02,9.446215131662192732e+01,-1.141677803374320207e-03
5.270000000000000000e+02,9.458649112256327385e+01,5.893394062938589386e-04
5.280000000000000000e+02,9.471083093266945241e+01,3.804167272087745463e-05
5.290000000000000000e+02,9.483517074724854012e+01,7.553056314571743974e-05
5.300000000000000000e+02,9.495951056662131862e+01,-9.947077385105377190e-04
5.310000000000000000e+02,9.508385039112145876e+01,-3.073615890212673895e-04
5.320000000000000000e+02,9.520819022109579066e+01,6.962185731994193199e-04
5.330000000000000000e+02,9.533253005690460213e+01,9.700484187482589615e-05
5.340000000000000000e+02,9.545686989892183760e+01,2.220262185940452950e-04
5.350000000000000000e+02,9.558120974753529708e+01,4.631447671479021382e-04
5.360000000000000000e+02,9.570554960314700566e+01,-1.518378796648267153e-05
5.370000000000000000e+02,9.582988946617341242e+01,9.371902365771263418e-04
5.380000000000000000e+02,9.595422933704560364e+01,1.672209577536123547e-04
5.390000000000000000e+02,9.607856921620961543e+01,-7.406733352721107076e-04
5.400000000000000000e+02,9.620290910412660423e+01,6.911821929164681027e-04
5.410000000000000000e+02,9.632724900127318790e+01,-1.148226732054643704e-03
5.420000000000000000e+02,9.645158887252644320e+01,1.239784463275569668e-03
5.430000000000000000e+02,9.657592872085329816e+01,-2.346065232044865407e-04
5.440000000000000000e+02,9.670026856991765385e+01,-1.319282756396684400e-03
5.450000000000000000e+02,9.682460841950461372e+01,8.596352369740506037e-04
5.460000000000000000e+02,9.694894826938451615e+01,1.244906211919316781e-03
5.470000000000000000e+02,9.707328811931238022e+01,8.628160465782230230e-04
5.480000000000000000e+02,9.719762796902773516e+01,-4.265402496540401087e-04
5.490000000000000000e+02,9.732196781825425091e+01,2.367838152292260981e-04
5.500000000000000000e+02,9.744630766669922650e+01,-7.638195360139853670e-04
5.510000000000000000e+02,9.757064751405360425e+01,-1.100996118075060716e-03
5.520000000000000000e+02,9.769498735999130190e+01,1.052982230657900599e-03
5.530000000000000000e+02,9.781932720416901361e+01,-4.386209555204066387e-04
5.540000000000000000e+02,9.794366704622596842e+01,-4.044418030042090922e-04
5.550000000000000000e+02,9.806800688578341862e+01,-6.742820028505663605e-04
5.560000000000000000e+02,9.819234672244441242e+01,-9.655515681128088975e-04
5.570000000000000000e+02,9.831668655579339600e+01,-2.156746576969321082e-04
5.580000000000000000e+02,9.844102638539605721e+01,-7.731341845194764952e-04
5.590000000000000000e+02,9.856536621079871452e+01,1.070483762837199553e-03
5.600000000000000000e+02,9.868970603152817489e+01,5.297707825907007305e-04
5.610000000000000000e+02,9.881404584709133587e+01,-1.257598498710158852e-03
5.620000000000000000e+02,9.893838565697492982e+01,-3.514342312777619937e-04
5.630000000000000000e+02,9.906272546064498385e+01,-7.500819278572335271e-04
5.640000000000000000e+02,9.918706525754679149e+01,6.197227305012345490e-04
5.650000000000000000e+02,9.931140504710431571e+01,5.464755599937167233e-05
5.660000000000000000e+02,9.943574482871997589e+01,-8.921955413796556558e-04
5.670000000000000000e+02,9.956008460177424979e+01,8.978245071465890551e-06
5.680000000000000000e+02,9.968442436562551734e+01,1.199095422138678679e-03
5.690000000000000000e+02,9.980876411960939265e+01,-3.075886645411948284e-04
5.700000000000000000e+02,9.993310386503270593e+01,9.640202526965647393e-04
5.710000000000000000e+02,1.000574436670254670e+02,1.322866257372311684e-04
5.720000000000000000e+02,1.001817834672489056e+02,-1.186925356921818405e-03
5.730000000000000000e+02,1.003061232656934436e+02,-9.547669723969202677e-04
5.740000000000000000e+02,1.004304630623549599e+02,-1.116798500020260666e-03
5.750000000000000000e+02,1.005548028572348755e+02,-1.002203717859907924e-03
5.760000000000000000e+02,1.006791426503403528e+02,4.521026800945101296e-04
5.770000000000000000e+02,1.008034824416844373e+02,2.943160628379808369e-04
5.780000000000000000e+02,1.009278222312863420e+02,-7.206239459887789443e-04
5.790000000000000000e+02,1.010521620191714618e+02,-8.016928836309394771e-04
5.800000000000000000e+02,1.011765018053717142e+02,1.274386126172148432e-03
5.810000000000000000e+02,1.013008415899256107e+02,1.328363066272688449e-03
5.820000000000000000e+02,1.014251813728784981e+02,-5.854576334678473527e-04
5.830000000000000000e+02,1.015495211542827008e+02,-6.165005535498699731e-04
5.840000000000000000e+02,1.016738609341976485e+02,7.109321072549825132e-04
5.850000000000000000e+02,1.017982007126902033e+02,4.031503117283372767e-04
5.860000000000000000e+02,1.019225404898346738e+02,-5.122168390921396459e-04
5.870000000000000000e+02,1.020468802657130993e+02,1.009106039957244013e-04
5.880000000000000000e+02,1.021712200404154061e+02,-1.304049978983316121e-03
5.890000000000000000e+02,1.022955598140395352e+02,3.853423732714670647e-04
5.900000000000000000e+02,1.024198995866916704e+02,8.787429236110811271e-04
5.910000000000000000e+02,1.025442393584864647e+02,-1.351124295219735365e-03
5.920000000000000000e+02,1.026685791295470267e+02,1.335918099650634057e-03
5.930000000000000000e+02,1.027929189000053469e+02,4.994294072219160373e-04
5.940000000000000000e+02,1.029172586700023402e+02,5.633688860725549188e-04
5.950000000000000000e+02,1.030415984396879736e+02,-8.149364139709443754e-04
5.960000000000000000e+02,1.031659382084311147e+02,-1.825863192937777135e-04
5.970000000000000000e+02,1.032902779753789417e+02,7.667441515097442881e-04
5.980000000000000000e+02,1.034146177421255004e+02,-4.721195512961515899e-04
5.990000000000000000e+02,1.035389575088291423e+02,-3.391044959310969813e-04
6.000000000000000000e+02,1.036632972756570865e+02,-8.027325515764187737e-04
6.010000000000000000e+02,1.037876370427854766e+02,1.320799840410671064e-03
6.020000000000000000e+02,1.039119768103996222e+02,5.473831782818808223e-04
6.030000000000000000e+02,1.040363165786940840e+02,-1.662429802981448901e-04
6.040000000000000000e+02,1.041606563478728162e+02,1.014831993582271418e-04
6.050000000000000000e+02,1.042849961181494507e+02,1.130699980554011885e-03
6.060000000000000000e+02,1.044093358897473109e+02,-5.731597365825987942e-04
6.070000000000000000e+02,1.045336756628996540e+02,3.411727690400978173e-04
6.080000000000000000e+02,1.046580154378497838e+02,7.034951656516621457e-04
6.090000000000000000e+02,1.047823552148512505e+02,-8.572607321722901241e-04
6.100000000000000000e+02,1.049066949941679354e+02,-7.163940399008341276e-04
6.110000000000000000e+02,1.050310347760743070e+02,3.667080288019902929e-04
6.120000000000000000e+02,1.051553745608555204e+02,8.579982375907819082e-04
6.130000000000000000e+02,1.052797143488075733e+02,-1.311104698762791988e-03
6.140000000000000000e+02,1.054040541402374487e+02,-6.693705274305432199e-05
6.150000000000000000e+02,1.055283939354632992e+02,7.457355338397471216e-04
6.160000000000000000e+02,1.056527337348146460e+02,-1.324774529561571160e-03
6.170000000000000000e+02,1.057770735386324219e+02,-1.986379930401843599e-04
6.180000000000000000e+02,1.059014133472692833e+02,1.229209596653138342e-03
6.190000000000000000e+02,1.060257531610895825e+02,9.404694591667276272e-04
6.200000000000000000e+02,1.061500929804696653e+02,7.809463068349704364e-04
6.210000000000000000e+02,1.062744328057979857e+02,-5.109340480804106492e-05
6.220000000000000000e+02,1.063987726148860418e+02,1.367989471552123098e-03
6.230000000000000000e+02,1.065231124134208329e+02,-4.745086447738173499e-04
6.240000000000000000e+02,1.066474522130468756e+02,-8.178000283977810174e-04
6.250000000000000000e+02,1.067717920137317975e+02,9.600872163060404467e-04
6.260000000000000000e+02,1.068961318154365614e+02,2.781901502918067144e-04
6.270000000000000000e+02,1.070204716181152662e+02,1.170326972100667285e-03
6.280000000000000000e+02,1.071448114217150049e+02,-5.333974648782826948e-04
6.290000000000000000e+02,1.072691512261755946e+02,-4.460647089347717035e-04
6.300000000000000000e+02,1.073934910314294200e+02,4.904244511859416682e-05
6.310000000000000000e+02,1.075178308374012062e+02,-2.312322902660609138e-04
6.320000000000000000e+02,1.076421706440078907e+02,-8.815966794057528014e-04
6.330000000000000000e+02,1.077665104511583962e+02,-1.073713768791186756e-03
6.340000000000000000e+02,1.078908502587533604e+02,1.324714594383210892e-03
6.350000000000000000e+02,1.080151900666851503e+02,-8.652209118961729254e-04
6.360000000000000000e+02,1.081395298748373648e+02,1.036483364434746856e-03
6.370000000000000000e+02,1.082638696830849483e+02,6.338621689005187985e-04
6.380000000000000000e+02,1.083882094912938214e+02,1.237817093487774594e-03
6.390000000000000000e+02,1.085125492993206677e+02,-1.385664730261245998e-03
6.400000000000000000e+02,1.086368891070128768e+02,1.053430716643034577e-03
6.410000000000000000e+02,1.087612289142081750e+02,7.079068310316213473e-04
6.420000000000000000e+02,1.088855687207346108e+02,9.500280139422686773e-04
6.430000000000000000e+02,1.090099085264102570e+02,5.122594096388842716e-04
6.440000000000000000e+02,1.091342483310430111e+02,-2.624741549482364870e-04
6.450000000000000000e+02,1.092585881344304113e+02,-5.775633019142354871e-04
6.460000000000000000e+02,1.093829279363595504e+02,-1.294725033210524651e-03
6.470000000000000000e+02,1.095072677366066642e+02,-6.878028486511829093e-04
6.480000000000000000e+02,1.096316075462098638e+02,-4.110319502846071504e-04
6.490000000000000000e+02,1.097559473561657057e+02,-4.386583340023663194e-04
6.500000000000000000e+02,1.098802871657825762e+02,1.031964627820258036e-03
6.510000000000000000e+02,1.100046269749530410e+02,-4.883725772196976503e-04
6.520000000000000000e+02,1.101289667835648345e+02,-2.040112736766455366e-04
6.530000000000000000e+02,1.102533065915006318e+02,-7.888111998782158059e-04
6.540000000000000000e+02,1.103776463986380918e+02,-3.545183479833385518e-04
6.550000000000000000e+02,1.105019862048496009e+02,1.007400031487268397e-03
6.560000000000000000e+02,1.106263260100024866e+02,-3.800560210318494202e-04
6.570000000000000000e+02,1.107506658139586904e+02,1.336638810349893543e-03
6.580000000000000000e+02,1.108750056165748390e+02,9.084899834669253648e-04
6.590000000000000000e+02,1.109993454177021590e+02,-1.250993129783240518e-03
6.600000000000000000e+02,1.111236852171863205e+02,3.394532409200104808e-04
6.610000000000000000e+02,1.112480250148674656e+02,-3.751866182081641942e-04
6.620000000000000000e+02,1.113723648105800947e+02,-1.672071372123332925e-04
6.630000000000000000e+02,1.114967046041530239e+02,1.853374763167884383e-04
6.640000000000000000e+02,1.116210443954092710e+02,2.993706544457656210e-04
6.650000000000000000e+02,1.117453841841659710e+02,-1.219277453546436683e-03
6.660000000000000000e+02,1.118697239702344461e+02,5.870044939042227700e-04
6.670000000000000000e+02,1.119940637534198657e+02,-7.938693783585816597e-04
6.680000000000000000e+02,1.121184035335215299e+02,5.866330024505545220e-05
6.690000000000000000e+02,1.122427433103324859e+02,1.119032583353023495e-03
6.700000000000000000e+02,1.123670830836396561e+02,-9.168290467740538956e-04
6.710000000000000000e+02,1.124914228678007788e+02,-6.553061831361934426e-05
6.720000000000000000e+02,1.126157626540176437e+02,1.215680199703366490e-03
6.730000000000000000e+02,1.127401024394100517e+02,-7.991164977229248297e-04
6.740000000000000000e+02,1.128644422240161873e+02,6.361636425242590863e-04
6.750000000000000000e+02,1.129887820078799479e+02,-7.642444579473343198e-04
6.760000000000000000e+02,1.131131217910511708e+02,-2.538180745694964126e-04
6.770000000000000000e+02,1.132374615735857191e+02,-1.023736164319270347e-03
6.780000000000000000e+02,1.133618013555457509e+02,-5.098292663836314622e-04
6.790000000000000000e+02,1.134861411369997057e+02,3.577156375030288681e-04
6.800000000000000000e+02,1.136104809180226596e+02,7.829462528416811804e-05
6.810000000000000000e+02,1.137348206986963390e+02,-1.484538238424134746e-04
6.820000000000000000e+02,1.138591604791094198e+02,8.336761279030770102e-04
6.830000000000000000e+02,1.139835002593576121e+02,4.063191146340195455e-04
6.840000000000000000e+02,1.141078400395438166e+02,-1.359261101052622008e-04
6.850000000000000000e+02,1.142321798197783522e+02,1.323639137656727532e-03
6.860000000000000000e+02,1.143565196001790127e+02,-2.037229812075232166e-05
6.870000000000000000e+02,1.144808593808713653e+02,3.269732357093822306e-04
6.880000000000000000e+02,1.146051991619888355e+02,2.599316471506057685e-06
6.890000000000000000e+02,1.147295389436728925e+02,3.961948792355248086e-05
6.900000000000000000e+02,1.148538787260731766e+02,1.306114650538530309e-03
6.910000000000000000e+02,1.149782185093477267e+02,-1.357143682924642075e-03
6.920000000000000000e+02,1.151025582936631508e+02,-4.985235444701745233e-04
6.930000000000000000e+02,1.152268980791946689e+02,-1.193181441554640534e-04
6.940000000000000000e+02,1.153512378600923824e+02,-1.369069834078812413e-03
6.950000000000000000e+02,1.154755776386252535e+02,-9.046978549968797073e-04
6.960000000000000000e+02,1.155999174172731045e+02,5.891203803683120943e-04
6.970000000000000000e+02,1.157242571961042046e+02,1.373874362429119891e-03
6.980000000000000000e+02,1.158485969751899773e+02,-7.808334544215637290e-04
6.990000000000000000e+02,1.159729367546046461e+02,9.065810895002769263e-04
7.000000000000000000e+02,1.160972765344255748e+02,-5.248144014572438251e-04
7.010000000000000000e+02,1.162216163147330690e+02,1.063070636761742236e-03
7.020000000000000000e+02,1.163459560956106458e+02,-5.832791821214327590e-04
7.030000000000000000e+02,1.164702958771448351e+02,1.298444998482227615e-03
7.040000000000000000e+02,1.165946356594254070e+02,-1.307198968091049900e-03
7.050000000000000000e+02,1.167189754425452435e+02,8.709876284848764878e-04
7.060000000000000000e+02,1.168433152266005095e+02,1.381209253111016734e-03
7.070000000000000000e+02,1.169676550116906242e+02,-7.497423977432262048e-05
7.080000000000000000e+02,1.170919947979182894e+02,-9.061834148263883757e-04
7.090000000000000000e+02,1.172163345853895322e+02,6.276587498835203100e-04
7.100000000000000000e+02,1.173406743742137621e+02,6.955139800450904175e-05
7.110000000000000000e+02,1.174650141645037706e+02,8.770028037676229783e-04
7.120000000000000000e+02,1.175893539563757741e+02,-1.089764116724726900e-03
7.130000000000000000e+02,1.177136937499494991e+02,1.275899208617408331e-03
7.140000000000000000e+02,1.178380335453481962e+02,4.438516451308301483e-04
7.150000000000000000e+02,1.179623733344658802e+02,1.181754069067731490e-03
7.160000000000000000e+02,1.180867131228766880e+02,-1.960569504567215543e-04
7.170000000000000000e+02,1.182110529115361146e+02,1.102811053074161367e-03
7.180000000000000000e+02,1.183353927004038155e+02,-6.559312603372330049e-04
7.190000000000000000e+02,1.184597324894344439e+02,-6.411556639023310291e-04
7.200000000000000000e+02,1.185840722785775085e+02,-5.815790917934194736e-04
7.210000000000000000e+02,1.187084120677773313e+02,9.413392982020160258e-05
7.220000000000000000e+02,1.188327518569727630e+02,-5.771851663715770213e-04
7.230000000000000000e+02,1.189570916460971262e+02,1.170080690852024234e-03
7.240000000000000000e+02,1.190814314350780876e+02,1.678912985834443282e-04
7.250000000000000000e+02,1.192057712238374023e+02,-1.321880527360047661e-03
7.260000000000000000e+02,1.193301110122909137e+02,-8.392285160044927377e-04
7.270000000000000000e+02,1.194544508003482974e+02,5.965399171917943992e-04
7.280000000000000000e+02,1.195787905879129056e+02,-3.128477200157016237e-04
7.290000000000000000e+02,1.197031303748817521e+02,3.323678885879943344e-04
7.300000000000000000e+02,1.198274701611452002e+02,8.351070760936692063e-04
7.310000000000000000e+02,1.199518099465869483e+02,1.243181985062546610e-03
7.320000000000000000e+02,1.200761497310838308e+02,7.982889417200222460e-05
7.330000000000000000e+02,1.202004895145056338e+02,6.914635236369482719e-04
7.340000000000000000e+02,1.203248292967150093e+02,1.146570197931483888e-03
7.350000000000000000e+02,1.204491690779802866e+02,6.238022219867954974e-04
7.360000000000000000e+02,1.205735088638405870e+02,5.238949410532121442e-04
7.370000000000000000e+02,1.206978486493124905e+02,5.707488182917480190e-05
7.380000000000000000e+02,1.208221884343526398e+02,7.874234523785532229e-04
7.390000000000000000e+02,1.209465282189161428e+02,-8.226355512157869094e-05
7.400000000000000000e+02,1.210708680029566580e+02,6.617639489679183517e-04
7.410000000000000000e+02,1.211952077864263231e+02,-6.668600886411497810e-04
7.420000000000000000e+02,1.213195475692757981e+02,-9.325849142680625982e-04
7.430000000000000000e+02,1.214438873514542223e+02,-1.337966595198576301e-03
7.440000000000000000e+02,1.215682271329092714e+02,-1.068725075553795395e-03
7.450000000000000000e+02,1.216925669135871146e+02,-6.080768378529066666e-04
7.460000000000000000e+02,1.218169066934323723e+02,5.326722951961388938e-04
7.470000000000000000e+02,1.219412464723881584e+02,-1.345955850885426162e-03
7.480000000000000000e+02,1.220655862503961089e+02,-6.527296397332568246e-04
7.490000000000000000e+02,1.221899260273963108e+02,-8.002413261782979513e-04
7.500000000000000000e+02,1.223142658033273023e+02,-5.672507084193569677e-04
7.510000000000000000e+02,1.224386055781261291e+02,2.349228454467663994e-04
7.520000000000000000e+02,1.225629453517282883e+02,1.101446318853192613e-03
7.530000000000000000e+02,1.226872851240677704e+02,2.199327704786053085e-04
7.540000000000000000e+02,1.228116248966285156e+02,3.927340031044321278e-04
7.550000000000000000e+02,1.229359646714906802e+02,1.116783773621274779e-03
7.560000000000000000e+02,1.230603044459703739e+02,-1.533004700208922828e-04
7.570000000000000000e+02,1.231846442201067333e+02,-1.033808823251591022e-03
7.580000000000000000e+02,1.233089839939434427e+02,1.279400379174463944e-03
7.590000000000000000e+02,1.234333237675288615e+02,-1.229355758434079926e-04
7.600000000000000000e+02,1.235576635409160673e+02,-1.040544992589524913e-03
7.610000000000000000e+02,1.236820033141631114e+02,9.159156222726396953e-05
7.620000000000000000e+02,1.238063430873330759e+02,-1.229100898790208823e-03
7.630000000000000000e+02,1.239306828604943291e+02,-1.611619069260263818e-04
7.640000000000000000e+02,1.240550226337205117e+02,-1.367962707461062083e-03
7.650000000000000000e+02,1.241793624070907498e+02,-4.137292913844839199e-04
7.660000000000000000e+02,1.243037021806898537e+02,-1.375602193321581257e-03
7.670000000000000000e+02,1.244280419546082612e+02,1.605522648171826990e-04
7.680000000000000000e+02,1.245523817289424358e+02,3.386170722493554654e-04
7.690000000000000000e+02,1.246767215037948517e+02,-6.220734747790380298e-04
7.700000000000000000e+02,1.248010612792741085e+02,-3.042478380277994536e-05
7.710000000000000000e+02,1.249254010554951009e+02,-7.720008010259581371e-04
7.720000000000000000e+02,1.250497408325792605e+02,9.883076692081679479e-04
7.730000000000000000e+02,1.251740806080692607e+02,-5.431786066406456585e-04
7.740000000000000000e+02,1.252984203822507823e+02,2.800853578537912630e-04
7.750000000000000000e+02,1.254227601566610559e+02,1.088756521056597306e-04
7.760000000000000000e+02,1.255470999313398863e+02,-5.517505813029892998e-04
7.770000000000000000e+02,1.256714397063280870e+02,1.345163666987828381e-03
7.780000000000000000e+02,1.257957794816675516e+02,5.515458348111852054e-04
7.790000000000000000e+02,1.259201192574011401e+02,1.570562014332977307e-04
7.800000000000000000e+02,1.260444590335727071e+02,4.867186828558135855e-04
7.810000000000000000e+02,1.261687988102271021e+02,-1.218085701774406209e-03
7.820000000000000000e+02,1.262931385874102261e+02,4.665406300971301139e-04
7.830000000000000000e+02,1.264174783651688330e+02,-7.112651410123456679e-04
7.840000000000000000e+02,1.265418181435506852e+02,-2.092602155784351612e-04
7.850000000000000000e+02,1.266661579226045120e+02,2.552022129399392279e-04
7.860000000000000000e+02,1.267904977023799802e+02,-5.283306427380040195e-04
7.870000000000000000e+02,1.269148374829276662e+02,-2.461522650012639584e-04
7.880000000000000000e+02,1.270391772642990986e+02,1.357430174109289451e-03
7.890000000000000000e+02,1.271635170465466302e+02,-8.260296197038916521e-04
7.900000000000000000e+02,1.272878568278068201e+02,5.555240139528463137e-04
7.910000000000000000e+02,1.274121966088702322e+02,2.146551331095173970e-04
7.920000000000000000e+02,1.275365363902917863e+02,-1.283946341732720682e-03
7.930000000000000000e+02,1.276608761720519141e+02,-1.127671665655928177e-03
7.940000000000000000e+02,1.277852159541273522e+02,1.002801844630367813e-03
7.950000000000000000e+02,1.279095557364910292e+02,8.184554620997346128e-04
7.960000000000000000e+02,1.280338955191121499e+02,-4.615874737544185184e-04
7.970000000000000000e+02,1.281582353019556706e+02,-1.086049923531456560e-03
7.980000000000000000e+02,1.282825750849826534e+02,5.062861774978348953e-04
7.990000000000000000e+02,1.284069148681498405e+02,-2.444093564745154984e-04
8.000000000000000000e+02,1.285312546514094549e+02,1.035247128099979399e-03
8.010000000000000000e+02,1.286555944347093146e+02,-8.358493216452436963e-04
8.020000000000000000e+02,1.287799342179927748e+02,1.314991606946090989e-03
8.030000000000000000e+02,1.289042740011980470e+02,-3.252679206229673603e-04
8.040000000000000000e+02,1.290286137842587664e+02,1.279849887363160169e-03
8.050000000000000000e+02,1.291529535671035660e+02,1.259447272732367633e-03
8.060000000000000000e+02,1.292772933496557357e+02,3.307466188757106958e-04
8.070000000000000000e+02,1.294016331343933643e+02,1.060204430187112849e-03
8.080000000000000000e+02,1.295259729196499734e+02,8.441152648211137054e-04
8.090000000000000000e+02,1.296503127051384752e+02,1.235225610577573912e-03
8.100000000000000000e+02,1.297746524908500874e+02,-3.486104382754446479e-04
8.110000000000000000e+02,1.298989922767759424e+02,-1.204005091732068301e-03
8.120000000000000000e+02,1.300233320629069738e+02,-4.407414959124564724e-04
8.130000000000000000e+02,1.301476718492338307e+02,2.241447072518163846e-05
8.140000000000000000e+02,1.302720116357469067e+02,-8.472743236874367642e-05
8.150000000000000000e+02,1.303963514224367373e+02,-1.114166225772660534e-03
8.160000000000000000e+02,1.305206912092933749e+02,1.263018364997324982e-03
8.170000000000000000e+02,1.306450309963069571e+02,-8.998621677742036805e-04
8.180000000000000000e+02,1.307693707834674228e+02,-1.001708975120464218e-03
8.190000000000000000e+02,1.308937105707647675e+02,-8.975985579158857934e-04
8.200000000000000000e+02,1.310180503581889297e+02,1.899273394239296361e-04
8.210000000000000000e+02,1.311423901457296779e+02,4.183815361065366099e-04
8.220000000000000000e+02,1.312667299343241609e+02,5.431259575173335305e-04
8.230000000000000000e+02,1.313910697236901512e+02,-8.418128004791098056e-04
8.240000000000000000e+02,1.315154095135366674e+02,1.082980134018933635e-03
8.250000000000000000e+02,1.316397493039021356e+02,4.112626517554081817e-04
8.260000000000000000e+02,1.317640890948281935e+02,-7.458533580302151647e-05
8.270000000000000000e+02,1.318884288863598613e+02,-1.348408512099656025e-03
8.280000000000000000e+02,1.320127686785456262e+02,8.094769236707906237e-04
8.290000000000000000e+02,1.321371084714375854e+02,4.961286208706674637e-04
8.300000000000000000e+02,1.322614482650916443e+02,4.876895107046526931e-04
8.310000000000000000e+02,1.323857880595672896e+02,-4.788113301764767562e-04
8.320000000000000000e+02,1.325101278549281005e+02,-3.926663501255567052e-04
8.330000000000000000e+02,1.326344676512416356e+02,-2.793281950193063335e-04
8.340000000000000000e+02,1.327588074485797165e+02,6.818860888514901132e-04
8.350000000000000000e+02,1.328831472470182575e+02,-3.953211668814177746e-04
8.360000000000000000e+02,1.330074870466376638e+02,6.886051651738038992e-04
8.370000000000000000e+02,1.331318268464203527e+02,-2.634870547425884123e-04
8.380000000000000000e+02,1.332561666462078733e+02,-5.072150371041670575e-04
8.390000000000000000e+02,1.333805064468215278e+02,1.081704255162688460e-03
8.400000000000000000e+02,1.335048462482804155e+02,1.370607296889867757e-03
8.410000000000000000e+02,1.336291860506029536e+02,6.707694317519979649e-04
8.420000000000000000e+02,1.337535258538070195e+02,-4.193830588347056141e-04
8.430000000000000000e+02,1.338778656579098936e+02,6.382420199409629628e-04
8.440000000000000000e+02,1.340022054629279182e+02,-1.126416312336459306e-03
8.450000000000000000e+02,1.341265452688769244e+02,1.050329686990562113e-03
8.460000000000000000e+02,1.342508850757717482e+02,5.016993125067097277e-04
8.470000000000000000e+02,1.343752248836264300e+02,1.203345829646843609e-03
8.480000000000000000e+02,1.344995646924541290e+02,1.303873707959450493e-03
8.490000000000000000e+02,1.346239045022669529e+02,-1.337126019601460325e-03
8.500000000000000000e+02,1.347482443130761283e+02,1.073122715140672947e-03
8.510000000000000000e+02,1.348725841248915742e+02,-8.203624137120199816e-04
8.520000000000000000e+02,1.349969239374620429e+02,1.263124112841719005e-04
8.530000000000000000e+02,1.351212637504833367e+02,9.879987591559927153e-07
8.540000000000000000e+02,1.352456035643163546e+02,1.163350821254132469e-03
8.550000000000000000e+02,1.353699433789379611e+02,-1.011875818204577846e-03
8.560000000000000000e+02,1.354942831943213548e+02,6.270540883604445483e-04
8.570000000000000000e+02,1.356186230104364654e+02,4.014077193047177320e-04
8.580000000000000000e+02,1.357429628272496416e+02,-2.536767203095504925e-04
8.590000000000000000e+02,1.358673026447235941e+02,-1.297921404502988020e-03
8.600000000000000000e+02,1.359916424628171399e+02,-2.889768194269123165e-04
8.610000000000000000e+02,1.361159822814852873e+02,2.770419081843052177e-04
8.620000000000000000e+02,1.362403221006790375e+02,2.075082391390325705e-04
8.630000000000000000e+02,1.363646619203452133e+02,-1.246142799040151098e-03
8.640000000000000000e+02,1.364890017404265166e+02,5.442713816745124776e-05
8.650000000000000000e+02,1.366133415608612438e+02,-1.325507347204404624e-03
8.660000000000000000e+02,1.367376813823456985e+02,-8.406196204016637679e-04
8.670000000000000000e+02,1.368620212046190829e+02,-3.017563151959853354e-04
8.680000000000000000e+02,1.369863610273923200e+02,3.330416293725158667e-04
8.690000000000000000e+02,1.371107008506341458e+02,6.043625530737980209e-04
8.700000000000000000e+02,1.372350406743119891e+02,-7.217960629477264845e-04
8.710000000000000000e+02,1.373593804983918290e+02,-8.096412515819175664e-04
8.720000000000000000e+02,1.374837203228385079e+02,2.784586730476455393e-04
8.730000000000000000e+02,1.376080601476153333e+02,-1.740780185872424317e-04
8.740000000000000000e+02,1.377323999726843908e+02,1.280674551778687720e-03
8.750000000000000000e+02,1.378567397980064584e+02,1.102209416538021052e-04
8.760000000000000000e+02,1.379810796235410066e+02,2.461175754138001737e-04
8.770000000000000000e+02,1.381054194492460852e+02,-3.182235227995329051e-05
8.780000000000000000e+02,1.382297592750784077e+02,-1.209232298300577570e-03
8.790000000000000000e+02,1.383540991010421806e+02,8.436683208298731938e-04
8.800000000000000000e+02,1.384784389279028574e+02,8.415327939675558509e-04
8.810000000000000000e+02,1.386027787550247297e+02,9.293032159181780069e-04
8.820000000000000000e+02,1.387271185823989583e+02,1.140797847550199763e-03
8.830000000000000000e+02,1.388514584100183527e+02,-5.753091346890764918e-04
8.840000000000000000e+02,1.389757982378777115e+02,1.924734443028591508e-04
8.850000000000000000e+02,1.391001380659736810e+02,7.557518028250545181e-04
8.860000000000000000e+02,1.392244778943049539e+02,-1.130725432354189085e-03
8.870000000000000000e+02,1.393488177228724396e+02,-7.045745830802036067e-04
8.880000000000000000e+02,1.394731575516792361e+02,-8.877551305206247446e-04
8.890000000000000000e+02,1.395974973807308572e+02,-1.209479076965660690e-03
8.900000000000000000e+02,1.397218372100351758e+02,-2.740900738017508975e-04
8.910000000000000000e+02,1.398461770396027646e+02,1.119815313438156205e-03
8.920000000000000000e+02,1.399705168694466977e+02,7.025525406753361591e-04
8.930000000000000000e+02,1.400948566993858151e+02,-4.353687183472245825e-04
8.940000000000000000e+02,1.402191965292423390e+02,1.047330009208622379e-04
8.950000000000000000e+02,1.403435363592614920e+02,-1.071281480077176029e-03
8.960000000000000000e+02,1.404678761894434444e+02,-8.705238966163330455e-04
8.970000000000000000e+02,1.405922160197895039e+02,1.033310954428368761e-03
8.980000000000000000e+02,1.407165558503023988e+02,1.283819503634370598e-03
8.990000000000000000e+02,1.408408956809861650e+02,9.470506612836618971e-04
9.000000000000000000e+02,1.409652355118461742e+02,6.615103874101137824e-04
9.010000000000000000e+02,1.410895753428892476e+02,-5.969892858795171342e-04
9.020000000000000000e+02,1.412139151741235423e+02,7.941208175719752281e-04
9.030000000000000000e+02,1.413382550055589206e+02,-2.217408461125023288e-04
9.040000000000000000e+02,1.414625948372064954e+02,-7.307641466752809283e-04
9.050000000000000000e+02,1.415869346690791417e+02,1.117021183525279985e-03
9.060000000000000000e+02,1.417112745011912409e+02,-6.895120453630304786e-04
9.070000000000000000e+02,1.418356143331962187e+02,1.364520561793911881e-03
9.080000000000000000e+02,1.419599541652242465e+02,3.885850407721537676e-04
9.090000000000000000e+02,1.420842939973752550e+02,3.088085043888017639e-04
9.100000000000000000e+02,1.422086338296462031e+02,1.023478004883833980e-03
9.110000000000000000e+02,1.423329736620339645e+02,-1.091561735632454047e-03
9.120000000000000000e+02,1.424573134945352990e+02,-8.524638419561450216e-04
9.130000000000000000e+02,1.425816533271469666e+02,1.109272038500027291e-03
9.140000000000000000e+02,1.427059931598654714e+02,1.383788525052099183e-03
9.150000000000000000e+02,1.428303329926871470e+02,1.467535960100943723e-05
9.160000000000000000e+02,1.429546728256081565e+02,-4.428387325708100890e-04
9.170000000000000000e+02,1.430790126586244924e+02,-3.598858786919183813e-04
9.180000000000000000e+02,1.432033524917318346e+02,-1.023193086655324992e-03
9.190000000000000000e+02,1.433276923249532331e+02,6.227327140743552829e-04
9.200000000000000000e+02,1.434520321583031262e+02,7.509537841816478444e-04
9.210000000000000000e+02,1.435763719917522678e+02,9.750751160203979849e-04
9.220000000000000000e+02,1.437007118252986118e+02,-3.056615745931208451e-04
9.230000000000000000e+02,1.438250516589400831e+02,-9.789759326146465178e-04
9.240000000000000000e+02,1.439493914926745219e+02,1.112285823224441273e-03
9.250000000000000000e+02,1.440737313264995407e+02,-1.767894138211869302e-04
9.260000000000000000e+02,1.441980711604127521e+02,-8.279225664885722299e-04
9.270000000000000000e+02,1.443224109944116549e+02,1.935358507552853620e-04
9.280000000000000000e+02,1.444467508284934354e+02,4.179806514460203572e-05
9.290000000000000000e+02,1.445710906626553367e+02,5.079768875847898895e-04
9.300000000000000000e+02,1.446954304968942608e+02,6.721445386342053338e-04
9.310000000000000000e+02,1.448197703312457065e+02,-9.707414887535621532e-04
9.320000000000000000e+02,1.449441101658994171e+02,7.118574979719110869e-04
9.330000000000000000e+02,1.450684500007080828e+02,1.248056806849070837e-03
9.340000000000000000e+02,1.451927898356820492e+02,-4.242059998122501706e-04
9.350000000000000000e+02,1.453171296708325713e+02,1.021403489589899159e-03
9.360000000000000000e+02,1.454414695061717282e+02,-8.555993216701359132e-04
9.370000000000000000e+02,1.455658093417128498e+02,-1.318435735339880096e-03
9.380000000000000000e+02,1.456901491774702606e+02,-4.529051796727424787e-04
9.390000000000000000e+02,1.458144890134592231e+02,-6.368979374264716097e-04
9.400000000000000000e+02,1.459388288496961934e+02,-1.099080826527327158e-03
9.410000000000000000e+02,1.460631686861987930e+02,-3.111066087860027960e-04
9.420000000000000000e+02,1.461875085229794422e+02,1.130074600638101764e-03
9.430000000000000000e+02,1.463118483600010791e+02,8.569591298854296066e-05
9.440000000000000000e+02,1.464361881973234176e+02,-2.336609438343000586e-04
9.450000000000000000e+02,1.465605280349646762e+02,-2.282805042254066295e-04
9.460000000000000000e+02,1.466848678729438120e+02,-3.469352661166865055e-04
9.470000000000000000e+02,1.468092077112808624e+02,1.195978552072093871e-03
9.480000000000000000e+02,1.469335475499966321e+02,-9.246898269183931578e-04
9.490000000000000000e+02,1.470578873891130058e+02,-4.942492012657231535e-04
9.500000000000000000e+02,1.471822272286527209e+02,-1.222031416843944720e-03
9.510000000000000000e+02,1.473065670686395379e+02,1.154547935121094616e-03
9.520000000000000000e+02,1.474309069090982689e+02,1.268667283771931749e-03
9.530000000000000000e+02,1.475552467500443470e+02,1.276619297911580925e-03
9.540000000000000000e+02,1.476795865912852719e+02,-6.174660206115265915e-04
9.550000000000000000e+02,1.478039264329898970e+02,-1.170831360516927074e-03
9.560000000000000000e+02,1.479282662751712394e+02,9.980843840558112356e-04
9.570000000000000000e+02,1.480526061178416910e+02,-4.778064498176298660e-04
9.580000000000000000e+02,1.481769459610134447e+02,6.475306842650690878e-04
9.590000000000000000e+02,1.483012858046980398e+02,6.620659465727397712e-04
9.600000000000000000e+02,1.484256256489063617e+02,-9.846051993997882354e-05
9.610000000000000000e+02,1.485499654936487275e+02,1.167757756517124939e-03
9.620000000000000000e+02,1.486743053389349143e+02,6.338072988341314456e-07
9.630000000000000000e+02,1.487986451847737897e+02,-1.201663354403265799e-03
9.640000000000000000e+02,1.489229850311735390e+02,6.075178559054206662e-04
9.650000000000000000e+02,1.490473248781089524e+02,-6.516349418580238669e-04
9.660000000000000000e+02,1.491716647256065471e+02,-1.294950345225156195e-03
9.670000000000000000e+02,1.492960045736700749e+02,-6.456256510161749278e-04
9.680000000000000000e+02,1.494203444223016675e+02,-1.052558994421904726e-03
9.690000000000000000e+02,1.495446842715024616e+02,8.138944768416284223e-05
9.700000000000000000e+02,1.496690241212722583e+02,-2.574230973922858102e-04
9.710000000000000000e+02,1.497933639716094660e+02,-9.853760676157711021e-04
9.720000000000000000e+02,1.499177038225111858e+02,6.751560929468625530e-04
9.730000000000000000e+02,1.500420436739731258e+02,-1.297907398518161884e-03
9.740000000000000000e+02,1.501663835259894597e+02,8.176637695312345732e-04
9.750000000000000000e+02,1.502907233785527978e+02,-1.155104242724455015e-03
9.760000000000000000e+02,1.504150632317052043e+02,-3.979108936416727769e-04
9.770000000000000000e+02,1.505394030854089635e+02,8.260190755968718551e-04
9.780000000000000000e+02,1.506637429396525079e+02,-2.517308795814671000e-04
9.790000000000000000e+02,1.507880827944258613e+02,1.491957982696674638e-05
9.800000000000000000e+02,1.509124226497179109e+02,-7.301304634881580682e-04
9.810000000000000000e+02,1.510367625055158385e+02,-6.064392814624453227e-04
9.820000000000000000e+02,1.511611023618055185e+02,2.080323325720774379e-04
9.830000000000000000e+02,1.512854422185710916e+02,1.327077620781137723e-03
9.840000000000000000e+02,1.514097820757953343e+02,-1.164273897954472671e-03
9.850000000000000000e+02,1.515341219334593177e+02,-1.039317292910787527e-03
9.860000000000000000e+02,1.516584617915423223e+02,-1.075656113307115998e-03
9.870000000000000000e+02,1.517828016500273804e+02,-1.045367678248601117e-03
9.880000000000000000e+02,1.519071415088881736e+02,-3.182796571967648155e-04
9.890000000000000000e+02,1.520314813680986106e+02,-1.169036989587906878e-03
9.900000000000000000e+02,1.521558212276316908e+02,-1.033993045789266671e-03
9.910000000000000000e+02,1.522801610874584526e+02,-3.255637810851154910e-04
9.920000000000000000e+02,1.524045009475480867e+02,3.684415644418422291e-04
9.930000000000000000e+02,1.525288408078680220e+02,-1.380631107112295815e-03
9.940000000000000000e+02,1.526531806683836123e+02,1.011288510114885823e-03
9.950000000000000000e+02,1.527775205290584211e+02,1.364862626052740138e-04
9.960000000000000000e+02,1.529018603898539084e+02,4.007406241713240710e-04
9.970000000000000000e+02,1.530262002507607235e+02,5.741533853416831397e-04
9.980000000000000000e+02,1.531505401117213410e+02,4.241338716445447769e-04
9.990000000000000000e+02,1.532748799726912523e+02,2.309660062151545142e-04
1.000000000000000000e+03,1.533992198336267165e+02,-5.818432080099810583e-04
1.001000000000000000e+03,1.535235596944818894e+02,5.520084903333665654e-04
1.002000000000000000e+03,1.536478995552090510e+02,-3.348284000902256117e-04
1.003000000000000000e+03,1.537722394157587189e+02,6.168709510654151644e-04
1.004000000000000000e+03,1.538965792760792510e+02,2.545742112657781793e-04
1.005000000000000000e+03,1.540209191361170440e+02,-9.004712960457520593e-04
1.006000000000000000e+03,1.541452589958165902e+02,-2.048490353888155521e-04
1.007000000000000000e+03,1.542695988552435438e+02,8.273528225650941120e-04
1.008000000000000000e+03,1.543939387142723660e+02,1.026211450104524579e-03
1.009000000000000000e+03,1.545182785728475778e+02,2.585811193003554795e-04
1.010000000000000000e+03,1.546426184309169969e+02,-1.008919430349044643e-03
1.011000000000000000e+03,1.547669582884275030e+02,8.018461989054750645e-05
1.012000000000000000e+03,1.548912981453249245e+02,8.055696181443252344e-04
1.013000000000000000e+03,1.550156380015543505e+02,-9.945811142078020937e-04
1.014000000000000000e+03,1.551399778570597334e+02,9.937834525147802404e-04
1.015000000000000000e+03,1.552643177117842583e+02,-8.806415653925465156e-04
1.016000000000000000e+03,1.553886575656709681e+02,4.032340020965187411e-04
1.017000000000000000e+03,1.555129974188418771e+02,-1.806560130368226654e-04
1.018000000000000000e+03,1.556373372711323668e+02,-6.930950722187976913e-04
1.019000000000000000e+03,1.557616771224975025e+02,4.837590064731945943e-04
1.020000000000000000e+03,1.558860169728933727e+02,1.040963496830216753e-04
1.021000000000000000e+03,1.560103568222770036e+02,-2.612732780743805424e-04
1.022000000000000000e+03,1.561346966706064450e+02,-3.900391965707117179e-05
1.023000000000000000e+03,1.562590365178409400e+02,-1.034283868162417380e-03
1.024000000000000000e+03,1.563833763639409540e+02,7.359880349003339534e-04
1.025000000000000000e+03,1.565077162088683735e+02,2.701510728598512860e-04
1.026000000000000000e+03,1.566320560525913379e+02,-4.320256217705628230e-04
1.027000000000000000e+03,1.567563958951848520e+02,-4.138171226865089273e-04
1.028000000000000000e+03,1.568807357365501502e+02,-1.026443812935046466e-03
1.029000000000000000e+03,1.570050755766655470e+02,-1.349316522857718203e-03
1.030000000000000000e+03,1.571294154155121987e+02,-1.266299980479475848e-03
1.031000000000000000e+03,1.572537552530743312e+02,-8.767614529830253202e-04
1.032000000000000000e+03,1.573780950893394674e+02,-2.522621458680632386e-04
1.033000000000000000e+03,1.575024349242983988e+02,-1.122306218827780113e-03
1.034000000000000000e+03,1.576267747579454976e+02,-1.168631830469466686e-03
1.035000000000000000e+03,1.577511145902786325e+02,-1.143909230946190802e-03
1.036000000000000000e+03,1.578754544212933411e+02,3.991848582705509484e-04
1.037000000000000000e+03,1.579997942509259587e+02,-4.550332461401052515e-06
1.038000000000000000e+03,1.581241340792280710e+02,6.566664217836474821e-04
1.039000000000000000e+03,1.582484739062070389e+02,1.381792568129755873e-03
1.040000000000000000e+03,1.583728137318737197e+02,4.832312278835016557e-04
1.041000000000000000e+03,1.584971535562427789e+02,-1.257819426612888326e-03
1.042000000000000000e+03,1.586214933793326907e+02,-3.750608288602093397e-04
1.043000000000000000e+03,1.587458332011660787e+02,7.938951676117919328e-04
1.044000000000000000e+03,1.588701730217695172e+02,5.566276483648733685e-04
1.045000000000000000e+03,1.589945128411738722e+02,7.919594695854902415e-04
1.046000000000000000e+03,1.591188526593788879e+02,-7.152011539240045630e-04
1.047000000000000000e+03,1.592431924761791322e+02,4.181118031993733128e-04
1.048000000000000000e+03,1.593675322917703454e+02,-8.722792691149166590e-04
1.049000000000000000e+03,1.594918721061754923e+02,1.013988497264164696e-03
1.050000000000000000e+03,1.596162119194197260e+02,4.191499038624935531e-05
1.051000000000000000e+03,1.597405517315300756e+02,7.892034258988887873e-04
1.052000000000000000e+03,1.598648915425357302e+02,-1.329592889464938652e-03
1.053000000000000000e+03,1.599892313524677263e+02,-1.257182872555648800e-04
1.054000000000000000e+03,1.601135711613592321e+02,-8.484404215915648285e-04
1.055000000000000000e+03,1.602379109691922281e+02,-1.049501437597258769e-03
1.056000000000000000e+03,1.603622507757345090e+02,-4.167241359254759021e-05
1.057000000000000000e+03,1.604865905811849132e+02,1.586360881700373557e-04
1.058000000000000000e+03,1.606109303855502901e+02,-2.551471502954333272e-04
1.059000000000000000e+03,1.607352701888355000e+02,9.150830499498448451e-04
1.060000000000000000e+03,1.608596099910435271e+02,1.136769258426720925e-03
1.061000000000000000e+03,1.609839497921749967e+02,1.122579442294245134e-03
1.062000000000000000e+03,1.611082895922282034e+02,-1.069179322386018234e-03
1.063000000000000000e+03,1.612326293911988842e+02,-5.719828491553926621e-04
1.064000000000000000e+03,1.613569691890853335e+02,1.104596620213592296e-03
1.065000000000000000e+03,1.614813089858982948e+02,2.536381135605840997e-04
1.066000000000000000e+03,1.616056487816122171e+02,1.029792300423230207e-03
1.067000000000000000e+03,1.617299885762135148e+02,3.808833170802379260e-04
1.068000000000000000e+03,1.618543283696854473e+02,-7.668910555012129057e-04
1.069000000000000000e+03,1.619786681620077502e+02,1.179916608529702577e-03
1.070000000000000000e+03,1.621030079531568333e+02,3.334860055639927057e-04
1.071000000000000000e+03,1.622273477431052129e+02,1.372380227496589142e-03
1.072000000000000000e+03,1.623516875318215682e+02,1.601614654048702415e-04
1.073000000000000000e+03,1.624760273193649027e+02,-6.391607880071473267e-04
1.074000000000000000e+03,1.626003671059765736e+02,-1.058170623492788853e-03
1.075000000000000000e+03,1.627247068914440149e+02,-1.140881807625046106e-03
1.076000000000000000e+03,1.628490466757637023e+02,3.542250748485612047e-05
1.077000000000000000e+03,1.629733864589325378e+02,1.341521103269073230e-03
1.078000000000000000e+03,1.630977262409479636e+02,-1.342496030131591763e-03
1.079000000000000000e+03,1.632220660218080468e+02,1.393372889802106218e-04
1.080000000000000000e+03,1.633464058015115370e+02,2.852045707289088509e-04
1.081000000000000000e+03,1.634707455800579226e+02,-1.388380842559966714e-04
1.082000000000000000e+03,1.635950853575360213e+02,9.324902089837972929e-04
1.083000000000000000e+03,1.637194251341545055e+02,1.558460092273520215e-04
1.084000000000000000e+03,1.638437649097884048e+02,-3.891604606170761594e-04
1.085000000000000000e+03,1.639681046844779360e+02,-3.874720915454087653e-04
1.086000000000000000e+03,1.640924444582686306e+02,-6.129290609539522934e-04
1.087000000000000000e+03,1.642167842312120456e+02,-7.663313499065219211e-04
1.088000000000000000e+03,1.643411240033655929e+02,6.267478120782326570e-04
1.089000000000000000e+03,1.644654637747929939e+02,-7.969110944488076893e-04
1.090000000000000000e+03,1.645898035455646493e+02,4.727419472497186516e-04
1.091000000000000000e+03,1.647141433156926666e+02,-4.101318277921353421e-04
1.092000000000000000e+03,1.648384830851407798e+02,-4.631592408464111081e-04
1.093000000000000000e+03,1.649628228540776149e+02,-1.330302385387449170e-03
1.094000000000000000e+03,1.650871626225792284e+02,-5.123794757276186294e-04
1.095000000000000000e+03,1.652115023907270484e+02,2.734874842344985199e-04
1.096000000000000000e+03,1.653358421586079317e+02,-4.539159040224441909e-04
1.097000000000000000e+03,1.654601819263143909e+02,4.431650542367558503e-04
1.098000000000000000e+03,1.655845216939447369e+02,-6.389139754163492132e-04
1.099000000000000000e+03,1.657088614614478672e+02,8.558552740973215381e-04
1.100000000000000000e+03,1.658332012285050325e+02,-1.369562589720745493e-03
1.101000000000000000e+03,1.659575409954701115e+02,8.568841384016205988e-04
1.102000000000000000e+03,1.660818807623863052e+02,-3.869951826516806223e-04
1.103000000000000000e+03,1.662062205292938302e+02,1.434706923235013777e-04
1.104000000000000000e+03,1.663305602962292653e+02,-7.323483209712517089e-04
1.105000000000000000e+03,1.664549000632257219e+02,9.928535421332563941e-04
1.106000000000000000e+03,1.665792398303120478e+02,1.248831793425299579e-03
1.107000000000000000e+03,1.667035795974547057e+02,6.508336710459862147e-04
1.108000000000000000e+03,1.668279193644349334e+02,-1.903513614542272879e-04
1.109000000000000000e+03,1.669522591313913722e+02,1.227541566593680139e-03
1.110000000000000000e+03,1.670765988982920192e+02,-4.901243044678413319e-04
1.111000000000000000e+03,1.672009386650940428e+02,8.279588406316742456e-04
1.112000000000000000e+03,1.673252784317430724e+02,-1.310826193957178622e-03
1.113000000000000000e+03,1.674496181981725442e+02,-2.323034446385183346e-04
1.114000000000000000e+03,1.675739579643031618e+02,1.761426077857208220e-04
1.115000000000000000e+03,1.676982977301186395e+02,9.506700892349890034e-04
1.116000000000000000e+03,1.678226374960109410e+02,-1.195446504848439602e-04
1.117000000000000000e+03,1.679469772616082537e+02,-9.203985607840429062e-04
1.118000000000000000e+03,1.680713170268529097e+02,2.769930128126195726e-04
1.119000000000000000e+03,1.681956567916817278e+02,-1.182937012070794757e-04
1.120000000000000000e+03,1.683199965560255862e+02,-6.130472008788839756e-04
1.121000000000000000e+03,1.684443363198094517e+02,1.265379154312020697e-03
1.122000000000000000e+03,1.685686760829525497e+02,-8.893168824608667714e-04
1.123000000000000000e+03,1.686930158454339335e+02,-1.706966134629717667e-04
1.124000000000000000e+03,1.688173556079702564e+02,-1.199923459095663487e-03
1.125000000000000000e+03,1.689416953700640533e+02,8.850180896413325539e-04
1.126000000000000000e+03,1.690660351317274035e+02,-7.492913583525583673e-04
1.127000000000000000e+03,1.691903748929815094e+02,4.284390894781020878e-04
1.128000000000000000e+03,1.693147146538571235e+02,1.996567331485032655e-04
1.129000000000000000e+03,1.694390544143955708e+02,-5.088077104227671727e-04
1.130000000000000000e+03,1.695633941746494315e+02,1.324247540123470873e-03
1.131000000000000000e+03,1.696877339346815461e+02,-8.502378165013798521e-04
1.132000000000000000e+03,1.698120736945006684e+02,-9.687741913771284914e-04
1.133000000000000000e+03,1.699364134542309728e+02,8.454158370469782484e-04
1.134000000000000000e+03,1.700607532139684395e+02,3.533296292696529238e-04
1.135000000000000000e+03,1.701850929738231741e+02,1.113377323425722648e-03
1.136000000000000000e+03,1.703094327339195502e+02,-1.280943636968293530e-03
1.137000000000000000e+03,1.704337724943974877e+02,-4.806989697102658594e-04
1.138000000000000000e+03,1.705581122554128513e+02,-2.250278715123659284e-05
1.139000000000000000e+03,1.706824520171382176e+02,1.070472708895976255e-03
1.140000000000000000e+03,1.708067917785830616e+02,7.421188856124586375e-04
1.141000000000000000e+03,1.709311315404695790e+02,9.522458124164881422e-04
1.142000000000000000e+03,1.710554713029004574e+02,7.471809129231556492e-04
1.143000000000000000e+03,1.711798110659436531e+02,4.690071567267828281e-04
1.144000000000000000e+03,1.713041508296657014e+02,1.320506342046894868e-03
1.145000000000000000e+03,1.714284905941311763e+02,2.462616428696651140e-04
1.146000000000000000e+03,1.715528303594022077e+02,1.374436358602896657e-03
1.147000000000000000e+03,1.716771701255381686e+02,4.538995337758157150e-04
1.148000000000000000e+03,1.718015098918729109e+02,-3.219999531326853581e-04
1.149000000000000000e+03,1.719258496587051752e+02,1.239041063923745824e-03
1.150000000000000000e+03,1.720501894260405891e+02,9.851092706595634095e-04
1.151000000000000000e+03,1.721745291938051707e+02,7.969505240031790009e-04
1.152000000000000000e+03,1.722988689619053844e+02,-1.186873161410776853e-03
1.153000000000000000e+03,1.724232087302273726e+02,-1.027089438907352213e-03
1.154000000000000000e+03,1.725475484986353365e+02,3.508041525187395788e-04
1.155000000000000000e+03,1.726718882673791313e+02,-7.147386985398682287e-04
1.156000000000000000e+03,1.727962280363906586e+02,-6.732237533951438259e-04
1.157000000000000000e+03,1.729205678053862130e+02,-5.358764205433132980e-04
1.158000000000000000e+03,1.730449075742403124e+02,-2.063778862118838178e-04
1.159000000000000000e+03,1.731692473428140602e+02,-9.714982161913510638e-04
1.160000000000000000e+03,1.732935871109543200e+02,-3.881519462320256672e-04
1.161000000000000000e+03,1.734179268784937733e+02,-9.561712147712271603e-05
1.162000000000000000e+03,1.735422666457562855e+02,3.704253956000524094e-04
1.163000000000000000e+03,1.736666064133811176e+02,6.712720355456442203e-04
1.164000000000000000e+03,1.737909461807706748e+02,-7.665682160474186942e-04
1.165000000000000000e+03,1.739152859479428628e+02,-1.210838859678128702e-03
1.166000000000000000e+03,1.740396257149328676e+02,-9.768098230119113667e-04
1.167000000000000000e+03,1.741639654817944916e+02,-2.179272958395218548e-04
1.168000000000000000e+03,1.742883052486016027e+02,1.038844317789186164e-03
1.169000000000000000e+03,1.744126450154260795e+02,1.077215498855910863e-03
1.170000000000000000e+03,1.745369847821883127e+02,-1.349728696877192146e-03
1.171000000000000000e+03,1.746613245491175519e+02,8.626969069159462402e-04
1.172000000000000000e+03,1.747856643163468675e+02,-1.998759913170839960e-04
1.173000000000000000e+03,1.749100040840319537e+02,1.128660405144502445e-03
1.174000000000000000e+03,1.750343438523522082e+02,8.281933293753848940e-04
1.175000000000000000e+03,1.751586836215120115e+02,8.067806476797733089e-04
1.176000000000000000e+03,1.752830233917421197e+02,5.037273418104026108e-04
1.177000000000000000e+03,1.754073631618301192e+02,7.605149599843135082e-04
1.178000000000000000e+03,1.755317029324042721e+02,2.000979927536469132e-04
1.179000000000000000e+03,1.756560427036725969e+02,1.174800060954093919e-03
1.180000000000000000e+03,1.757803824756736901e+02,-5.553155891839976158e-04
1.181000000000000000e+03,1.759047222484373663e+02,3.976178912341496430e-04
1.182000000000000000e+03,1.760290620219828099e+02,1.358925195212607557e-03
1.183000000000000000e+03,1.761534017963177234e+02,-7.616824494514804443e-04
1.184000000000000000e+03,1.762777415711813376e+02,4.620066442326978360e-04
1.185000000000000000e+03,1.764020813464519790e+02,-5.303166487605287744e-04
1.186000000000000000e+03,1.765264211221468997e+02,-1.159705828610844026e-03
1.187000000000000000e+03,1.766507608981371789e+02,-6.840423337092440973e-04
1.188000000000000000e+03,1.767751006742656728e+02,-5.794680537976892604e-04
1.189000000000000000e+03,1.768994404503453666e+02,-2.918647865176041069e-04
1.190000000000000000e+03,1.770237802261573563e+02,-1.278427125182822173e-03
1.191000000000000000e+03,1.771481200019609332e+02,-9.528178204203744403e-04
1.192000000000000000e+03,1.772724597784567493e+02,7.020871213277213091e-04
1.193000000000000000e+03,1.773967995548828753e+02,-8.743724531991562592e-04
1.194000000000000000e+03,1.775211393311555810e+02,6.497373202169231306e-04
1.195000000000000000e+03,1.776454791071896295e+02,3.510489514865795390e-04
1.196000000000000000e+03,1.777698188828985053e+02,-1.068218097314069465e-03
1.197000000000000000e+03,1.778941586581948684e+02,6.449546184148852645e-04
1.198000000000000000e+03,1.780184984330835789e+02,3.978396544242883979e-04
1.199000000000000000e+03,1.781428382084984321e+02,3.028224974636796231e-06
1.200000000000000000e+03,1.782671779839157011e+02,-9.448929324686362874e-04
1.201000000000000000e+03,1.783915177594339525e+02,-1.040481776028063642e-03
1.202000000000000000e+03,1.785158575351796628e+02,-7.198613768189220108e-04
1.203000000000000000e+03,1.786401973113094641e+02,6.997822901022765138e-05
1.204000000000000000e+03,1.787645370880120197e+02,4.606064866736064856e-04
1.205000000000000000e+03,1.788888768655103547e+02,-1.069457573762990898e-03
1.206000000000000000e+03,1.790132166428720950e+02,4.371229543945653515e-04
1.207000000000000000e+03,1.791375564206117303e+02,-4.878288487685577082e-04
1.208000000000000000e+03,1.792618961990052640e+02,8.590264061417318296e-04
1.209000000000000000e+03,1.793862359781736870e+02,-8.948722626324638520e-05
1.210000000000000000e+03,1.795105757582480237e+02,-1.347209270234187278e-03
1.211000000000000000e+03,1.796349155393688761e+02,-4.267693800500577421e-04
1.212000000000000000e+03,1.797592553216867657e+02,1.165061354373247114e-03
1.213000000000000000e+03,1.798835951044580383e+02,-2.121320665768667218e-05
1.214000000000000000e+03,1.800079348873982497e+02,-1.144945985930487502e-03
1.215000000000000000e+03,1.801322746709076625e+02,-1.039614062313766896e-03
1.216000000000000000e+03,1.802566144548839873e+02,-1.386695192016490020e-03
1.217000000000000000e+03,1.803809542391951481e+02,-1.136082798951697399e-03
1.218000000000000000e+03,1.805052940236766972e+02,-1.539342817217825333e-04
1.219000000000000000e+03,1.806296338081596105e+02,-7.773939727587635433e-04
1.220000000000000000e+03,1.807539735930522511e+02,1.051394104544536206e-03
1.221000000000000000e+03,1.808783133778321712e+02,-1.162190519390155245e-03
1.222000000000000000e+03,1.810026531623058759e+02,-6.571604090200144216e-04
1.223000000000000000e+03,1.811269929462543189e+02,-7.790045930557171899e-04
1.224000000000000000e+03,1.812513327294320788e+02,8.873937452741351498e-04
1.225000000000000000e+03,1.813756725115658242e+02,1.569928274096577198e-04
1.226000000000000000e+03,1.815000122934213493e+02,5.992067827720926098e-04
1.227000000000000000e+03,1.816243520755823795e+02,3.898151559848575250e-05
1.228000000000000000e+03,1.817486918573904404e+02,-5.921485701598715960e-04
1.229000000000000000e+03,1.818730316389214465e+02,-4.072490612476903403e-04
1.230000000000000000e+03,1.819973714202875499e+02,3.202336515913600324e-04
1.231000000000000000e+03,1.821217112016399540e+02,1.330357923258324937e-03
1.232000000000000000e+03,1.822460509831725233e+02,-8.913647542818226152e-04
1.233000000000000000e+03,1.823703907646220443e+02,1.382893989823242740e-03
1.234000000000000000e+03,1.824947305464564522e+02,1.063995896542803952e-04
1.235000000000000000e+03,1.826190703289208841e+02,1.075864798447721295e-03
1.236000000000000000e+03,1.827434101122989034e+02,7.673074264436475155e-05
1.237000000000000000e+03,1.828677498969161377e+02,1.601387789529595525e-04
1.238000000000000000e+03,1.829920896831427797e+02,1.226169365618684460e-03
1.239000000000000000e+03,1.831164294703222879e+02,9.893045346277703177e-04
1.240000000000000000e+03,1.832407692576106513e+02,1.312846578444899076e-03
1.241000000000000000e+03,1.833651090459417787e+02,-6.668790333407809243e-05
1.242000000000000000e+03,1.834894488353222926e+02,3.257923620908517552e-04
1.243000000000000000e+03,1.836137886257286880e+02,5.029763710600223658e-04
1.244000000000000000e+03,1.837381284171043205e+02,-2.676408223439147305e-04
1.245000000000000000e+03,1.838624682093557396e+02,1.316542678399552219e-04
1.246000000000000000e+03,1.839868080020964385e+02,2.931794746893404808e-04
1.247000000000000000e+03,1.841111477952160556e+02,8.094633065282421996e-04
1.248000000000000000e+03,1.842354875884519743e+02,1.175404983700059652e-04
1.249000000000000000e+03,1.843598273814695858e+02,-1.699965095335763052e-04
1.250000000000000000e+03,1.844841671738722368e+02,3.613467989023513567e-04
1.251000000000000000e+03,1.846085069651972503e+02,1.504304923744174776e-04
1.252000000000000000e+03,1.847328467559130445e+02,-1.263152015023010638e-03
1.253000000000000000e+03,1.848571865470923967e+02,9.347079844982382024e-05
1.254000000000000000e+03,1.849815263374953531e+02,3.516299962360987198e-04
1.255000000000000000e+03,1.851058661269697438e+02,1.385110431045357771e-03
1.256000000000000000e+03,1.852302059153714708e+02,6.208367071099620991e-04
1.257000000000000000e+03,1.853545457025668668e+02,3.015545903327532685e-04
1.258000000000000000e+03,1.854788854884345994e+02,1.066245542239530790e-03
1.259000000000000000e+03,1.856032252742045898e+02,-4.726802153283166000e-04
1.260000000000000000e+03,1.857275650595792342e+02,-1.317148532677640902e-03
1.261000000000000000e+03,1.858519048446437694e+02,-1.205355601995039967e-04
1.262000000000000000e+03,1.859762446296999769e+02,-3.939955994803175576e-04
1.263000000000000000e+03,1.861005844151247288e+02,-1.020605513840996395e-03
1.264000000000000000e+03,1.862249242013749324e+02,-1.362524478633687095e-03
1.265000000000000000e+03,1.863492639882597643e+02,-1.138348717197707654e-03
1.266000000000000000e+03,1.864736037747235287e+02,-6.744411353525433172e-04
1.267000000000000000e+03,1.865979435620712650e+02,1.112970725466570082e-03
1.268000000000000000e+03,1.867222833505978485e+02,8.013561272203667584e-04
1.269000000000000000e+03,1.868466231406229667e+02,1.023026824867468180e-03
1.270000000000000000e+03,1.869709629324913180e+02,-1.383827189509985196e-03
1.271000000000000000e+03,1.870953027265728394e+02,-1.584741898298185590e-04
1.272000000000000000e+03,1.872196425209920960e+02,8.098112110598477834e-04
1.273000000000000000e+03,1.873439823162448192e+02,1.028011392391479234e-03
1.274000000000000000e+03,1.874683221126146009e+02,-2.557436433598617577e-04
1.275000000000000000e+03,1.875926619099232369e+02,3.629405005625460211e-04
1.276000000000000000e+03,1.877170017079222646e+02,-1.557125147991875343e-04
1.277000000000000000e+03,1.878413415062868808e+02,-6.613056358221766455e-04
1.278000000000000000e+03,1.879656813048932804e+02,-6.830099415677300399e-06
1.279000000000000000e+03,1.880900211041556247e+02,8.319348376019217075e-05
1.280000000000000000e+03,1.882143609031690232e+02,4.579303815942455157e-04
1.281000000000000000e+03,1.883387007015010681e+02,-1.252671490489332216e-03
1.282000000000000000e+03,1.884630404986526457e+02,-1.146271888446343760e-03
1.283000000000000000e+03,1.885873802940547534e+02,-1.068043763907471208e-03
1.284000000000000000e+03,1.887117200882403836e+02,-1.123057033377921959e-03
1.285000000000000000e+03,1.888360598826003809e+02,-4.344239159934296774e-05
1.286000000000000000e+03,1.889603996757862205e+02,-4.691074962423375525e-04
1.287000000000000000e+03,1.890847394677444697e+02,7.951614379575686065e-04
1.288000000000000000e+03,1.892090792584664598e+02,-1.166687173140310268e-03
1.289000000000000000e+03,1.893334190479935728e+02,-9.298088646319760007e-04
1.290000000000000000e+03,1.894577588366773568e+02,6.273990573015593864e-04
1.291000000000000000e+03,1.895820986249309215e+02,1.129810507469302880e-03
1.292000000000000000e+03,1.897064384129341477e+02,1.137952997790170573e-04
1.293000000000000000e+03,1.898307782011260656e+02,-8.896581542683814747e-04
1.294000000000000000e+03,1.899551179900458351e+02,1.024027176029416791e-03
1.295000000000000000e+03,1.900794577803399648e+02,-1.103121457970385557e-04
1.296000000000000000e+03,1.902037975708753379e+02,3.990638557534422403e-04
1.297000000000000000e+03,1.903281373615895973e+02,-1.129401919978507366e-03
1.298000000000000000e+03,1.904524771535055550e+02,-5.433657502877987672e-04
1.299000000000000000e+03,1.905768169469039606e+02,-6.308794956969761844e-04
1.300000000000000000e+03,1.907011567420674396e+02,-5.013879114912089558e-04
1.301000000000000000e+03,1.908254965392777081e+02,-4.349213910092935794e-04
1.302000000000000000e+03,1.909498363373768086e+02,2.572551894172697001e-04
1.303000000000000000e+03,1.910741761364212437e+02,-2.063919030005287043e-04
1.304000000000000000e+03,1.911985159365259506e+02,1.044084715419178353e-03
1.305000000000000000e+03,1.913228557373972478e+02,-7.065715363347425905e-04
1.306000000000000000e+03,1.914471955386389368e+02,-2.649481430064192997e-04
1.307000000000000000e+03,1.915715353397436900e+02,1.222896118980099870e-03
1.308000000000000000e+03,1.916958751418703457e+02,-5.081369296344520072e-05
1.309000000000000000e+03,1.918202149440732853e+02,2.342569476339752114e-04
1.310000000000000000e+03,1.919445547457825114e+02,1.158861936832789258e-03
1.311000000000000000e+03,1.920688945465315101e+02,6.517341760218637019e-04
1.312000000000000000e+03,1.921932343457907564e+02,-1.065696762225472284e-03
1.313000000000000000e+03,1.923175741429818686e+02,6.190135171943995755e-04
1.314000000000000000e+03,1.924419139406176953e+02,8.309070609276775947e-04
1.315000000000000000e+03,1.925662537370424161e+02,-1.154768451679474665e-03
1.316000000000000000e+03,1.926905935322090784e+02,-1.146246416760924453e-03
1.317000000000000000e+03,1.928149333261268339e+02,6.338581505779335330e-04
1.318000000000000000e+03,1.929392731188680727e+02,-5.063355749670443631e-04
1.319000000000000000e+03,1.930636129105759835e+02,2.296987494108799187e-04
1.320000000000000000e+03,1.931879527014758651e+02,-9.284535014138353476e-04
1.321000000000000000e+03,1.933122924918706644e+02,1.196163553058993221e-03
1.322000000000000000e+03,1.934366322821577455e+02,-1.029570475782585906e-03
1.323000000000000000e+03,1.935609720728334082e+02,1.083830250833883648e-03
1.324000000000000000e+03,1.936853118644997664e+02,7.787540064210470622e-04
1.325000000000000000e+03,1.938096516572512655e+02,-1.109008398770643328e-03
1.326000000000000000e+03,1.939339914494962329e+02,2.868290115628807538e-04
1.327000000000000000e+03,1.940583312428210832e+02,5.022430711068705906e-04
1.328000000000000000e+03,1.941826710375380856e+02,1.384445301205080399e-03
1.329000000000000000e+03,1.943070108339682633e+02,4.904204547870743029e-04
1.330000000000000000e+03,1.944313506324385799e+02,-3.838606863092933869e-04
1.331000000000000000e+03,1.945556904326047061e+02,-1.366206888916747303e-03
1.332000000000000000e+03,1.946800302333921024e+02,-3.313075712570165486e-04
1.333000000000000000e+03,1.948043700354494092e+02,-2.954642590698344892e-04
1.334000000000000000e+03,1.949287098385425736e+02,-1.265442824524574137e-03
1.335000000000000000e+03,1.950530496423375553e+02,-1.049571244778577626e-03
1.336000000000000000e+03,1.951773894463915155e+02,9.570152477181532525e-04
1.337000000000000000e+03,1.953017292508775142e+02,4.609459375990525277e-04
1.338000000000000000e+03,1.954260690559555087e+02,2.324841731525859165e-04
1.339000000000000000e+03,1.955504088606573134e+02,1.163393212126676447e-03
1.340000000000000000e+03,1.956747486644647154e+02,1.317037788837046317e-03
1.341000000000000000e+03,1.957990884667796934e+02,7.404759408833073422e-04
1.342000000000000000e+03,1.959234282669211780e+02,1.229968502725948447e-03
1.343000000000000000e+03,1.960477680661578859e+02,-1.212570383555576243e-03
1.344000000000000000e+03,1.961721078648367040e+02,9.206480604113361020e-05
1.345000000000000000e+03,1.962964476619440575e+02,-1.016903969215659110e-03
1.346000000000000000e+03,1.964207874574100572e+02,-1.117605612909279133e-03
1.347000000000000000e+03,1.965451272512234482e+02,4.732555186644244057e-04
1.348000000000000000e+03,1.966694670434391128e+02,-7.266017690874961672e-04
1.349000000000000000e+03,1.967938068346629734e+02,9.601144337046472587e-04
1.350000000000000000e+03,1.969181466252061057e+02,8.274180087271180257e-05
1.351000000000000000e+03,1.970424864154060458e+02,6.209859168664019248e-04
1.352000000000000000e+03,1.971668262058441030e+02,1.288465068069858483e-03
1.353000000000000000e+03,1.972911659972352822e+02,-3.008391710545190844e-04
1.354000000000000000e+03,1.974155057904376349e+02,1.153140267807880887e-03
1.355000000000000000e+03,1.975398455834362608e+02,1.022772033806847430e-03
1.356000000000000000e+03,1.976641853775828110e+02,1.726743948860851691e-04
1.357000000000000000e+03,1.977885251737172894e+02,2.071103614541075174e-04
1.358000000000000000e+03,1.979128649723616036e+02,-3.169278547213486528e-04
1.359000000000000000e+03,1.980372047740672485e+02,-1.152409478959297859e-03
1.360000000000000000e+03,1.981615445775614432e+02,3.201014434711282994e-04
1.361000000000000000e+03,1.982858843818665946e+02,5.374517546694164644e-04
1.362000000000000000e+03,1.984102241876378798e+02,-1.139136551456841574e-03
1.363000000000000000e+03,1.985345639944206084e+02,1.411194178402049157e-04
1.364000000000000000e+03,1.986589038015922597e+02,3.741103962088003954e-04
1.365000000000000000e+03,1.987832436088154395e+02,-1.183310494297476999e-03
1.366000000000000000e+03,1.989075834167346954e+02,2.222141451828318047e-04
1.367000000000000000e+03,1.990319232238604172e+02,5.405043325019562669e-05
1.368000000000000000e+03,1.991562630293885832e+02,-7.213522164161360710e-04
1.369000000000000000e+03,1.992806028323869896e+02,-1.305092861790993486e-03
1.370000000000000000e+03,1.994049426317891971e+02,3.657102659410764456e-04
1.371000000000000000e+03,1.995292824314629456e+02,-8.599236273335423859e-04
1.372000000000000000e+03,1.996536222290418721e+02,1.322105123517770950e-03
1.373000000000000000e+03,1.997779620244623686e+02,-6.226962048434404439e-04
1.374000000000000000e+03,1.999023018178190796e+02,-7.801948570363569264e-04
1.375000000000000000e+03,2.000266416093422208e+02,1.211594583330085923e-03
1.376000000000000000e+03,2.001509813995528759e+02,-1.100560723494807243e-03
1.377000000000000000e+03,2.002753211890590705e+02,2.069740502647123879e-06
1.378000000000000000e+03,2.003996609786131842e+02,-4.909686787965878872e-04
1.379000000000000000e+03,2.005240007692188442e+02,4.846421185860913853e-04
1.380000000000000000e+03,2.006483405621067675e+02,3.959389650646133224e-04
1.381000000000000000e+03,2.007726803568470189e+02,6.694139800352913059e-04
1.382000000000000000e+03,2.008970201515382428e+02,8.848863399530150498e-04
1.383000000000000000e+03,2.010213599485374516e+02,-4.350803670480730490e-04
1.384000000000000000e+03,2.011456997483420537e+02,-2.959194622279221268e-05
1.385000000000000000e+03,2.012700395514293916e+02,-1.235195336348829344e-03
1.386000000000000000e+03,2.013943793579489352e+02,-1.373837875408863820e-03
1.387000000000000000e+03,2.015187191651332057e+02,9.800359787080573646e-05
1.388000000000000000e+03,2.016430589739583468e+02,-2.666242417358168841e-04
1.389000000000000000e+03,2.017673987836930394e+02,3.434359763383946335e-04
1.390000000000000000e+03,2.018917385933465027e+02,4.436788900334051339e-04
1.391000000000000000e+03,2.020160784016439095e+02,2.029926339150662834e-04
1.392000000000000000e+03,2.021404182107685585e+02,6.959868278874888157e-04
1.393000000000000000e+03,2.022647580191653844e+02,-6.068807335310696021e-05
1.394000000000000000e+03,2.023890978253905928e+02,1.960940675670273684e-04
1.395000000000000000e+03,2.025134376284198652e+02,6.476816814484737243e-06
1.396000000000000000e+03,2.026377774271092562e+02,-7.784489995503651640e-04
1.397000000000000000e+03,2.027621172231920070e+02,4.001798439048650342e-05
1.398000000000000000e+03,2.028864570184346121e+02,-9.795184400648610391e-04
1.399000000000000000e+03,2.030107968113350694e+02,1.009218804376823490e-03
1.400000000000000000e+03,2.031351366023529863e+02,-1.134565803995156316e-04
1.401000000000000000e+03,2.032594763921950118e+02,-6.324270184223479245e-04
1.402000000000000000e+03,2.033838161814061039e+02,9.252024839205171252e-04
1.403000000000000000e+03,2.035081559694277473e+02,1.555916667505519475e-05
1.404000000000000000e+03,2.036324957581583703e+02,8.920830211842424064e-04
1.405000000000000000e+03,2.037568355488483007e+02,5.952307689925965747e-05
1.406000000000000000e+03,2.038811753429943394e+02,1.064877817352384223e-03
1.407000000000000000e+03,2.040055151423558470e+02,-1.355905686856501710e-03
1.408000000000000000e+03,2.041298549408645329e+02,-7.187807217877591453e-04
1.409000000000000000e+03,2.042541947420324107e+02,-1.246752891148698080e-03
1.410000000000000000e+03,2.043785345462675593e+02,-7.028612814644255157e-05
1.411000000000000000e+03,2.045028743535789886e+02,3.281940323842202196e-04
1.412000000000000000e+03,2.046272141638048652e+02,7.401250720810335307e-04
1.413000000000000000e+03,2.047515539758656189e+02,1.006893367392948119e-03
1.414000000000000000e+03,2.048758937888108846e+02,1.271560525725276385e-03
1.415000000000000000e+03,2.050002336017456628e+02,7.816598430849415729e-04
1.416000000000000000e+03,2.051245734132039331e+02,-8.897849047480332375e-04
1.417000000000000000e+03,2.052489132213677863e+02,-1.235553367032160815e-04
1.418000000000000000e+03,2.053732530267768368e+02,1.220137110725528400e-03
1.419000000000000000e+03,2.054975928328895520e+02,-4.058028662165785293e-04
1.420000000000000000e+03,2.056219326359905608e+02,1.135111238451796538e-04
1.421000000000000000e+03,2.057462724354199963e+02,-3.372255900173612870e-05
1.422000000000000000e+03,2.058706122305495967e+02,4.020688510758602856e-04
1.423000000000000000e+03,2.059949520211059735e+02,-1.164866240090282965e-04
1.424000000000000000e+03,2.061192918112861605e+02,-1.211878747476136976e-03
1.425000000000000000e+03,2.062436315996957603e+02,9.709936300866473186e-04
1.426000000000000000e+03,2.063679713874555546e+02,-2.566166390263979703e-05
1.427000000000000000e+03,2.064923111760639074e+02,-3.918525214236577114e-04
1.428000000000000000e+03,2.066166509674316671e+02,-4.588812316780176040e-04
1.429000000000000000e+03,2.067409907579401818e+02,-4.760465183717820111e-04
1.430000000000000000e+03,2.068653305494270853e+02,-1.150303880554833999e-03
1.431000000000000000e+03,2.069896703440364831e+02,-5.149815844611580406e-04
1.432000000000000000e+03,2.071140101429757010e+02,8.160080350590108271e-04
1.433000000000000000e+03,2.072383499475642452e+02,-1.144105163218550950e-03
1.434000000000000000e+03,2.073626897556422080e+02,-4.634049412747216832e-04
1.435000000000000000e+03,2.074870295643476936e+02,-5.878794296733167021e-04
1.436000000000000000e+03,2.076113693754495841e+02,-1.138274941510624121e-03
1.437000000000000000e+03,2.077357091880056998e+02,1.080090835047980112e-03
1.438000000000000000e+03,2.078600490006940902e+02,-1.207226534903747209e-03
1.439000000000000000e+03,2.079843888126003435e+02,1.217425469587629259e-03
1.440000000000000000e+03,2.081087286257458118e+02,-8.868330932620155805e-04
1.441000000000000000e+03,2.082330684367250626e+02,-1.319481977239149147e-03
1.442000000000000000e+03,2.083574082438659616e+02,3.391206698361081220e-04
1.443000000000000000e+03,2.084817480452153404e+02,5.883180727096943858e-04
1.444000000000000000e+03,2.086060878424072769e+02,-8.586409331948686616e-05
1.445000000000000000e+03,2.087304276393148257e+02,-7.022140801393546208e-04
1.446000000000000000e+03,2.088547674331020687e+02,-6.673246569142425762e-04
1.447000000000000000e+03,2.089791072242940118e+02,-2.118398060149293493e-04
1.448000000000000000e+03,2.091034470137673225e+02,9.618207640169503490e-04
1.449000000000000000e+03,2.092277868018354923e+02,6.116030759179742239e-04
1.450000000000000000e+03,2.093521265896827117e+02,-5.898095023216298792e-04
1.451000000000000000e+03,2.094764663792608417e+02,1.229043026656449593e-03
1.452000000000000000e+03,2.096008061726523408e+02,1.063061319974780062e-04
1.453000000000000000e+03,2.097251459723803748e+02,-8.495280123651754002e-04
1.454000000000000000e+03,2.098494857713730823e+02,-1.028018325546962335e-03
1.455000000000000000e+03,2.099738255732727907e+02,1.849296963580772575e-04
1.456000000000000000e+03,2.100981653787393100e+02,-9.240730609487594676e-04
1.457000000000000000e+03,2.102225051876995963e+02,1.237668890911039097e-03
1.458000000000000000e+03,2.103468449996697132e+02,-4.953479724918493538e-06
1.459000000000000000e+03,2.104711848130181409e+02,1.074147187345773783e-03
1.460000000000000000e+03,2.105955246268029271e+02,1.116410838014398298e-03
1.461000000000000000e+03,2.107198644392056508e+02,-8.856556764347873643e-04
1.462000000000000000e+03,2.108442042478944529e+02,-2.956653540207630315e-04
1.463000000000000000e+03,2.109685440534515806e+02,-2.515237057307164034e-04
1.464000000000000000e+03,2.110928838596239814e+02,-7.449181052379391437e-04
1.465000000000000000e+03,2.112172236624401194e+02,-1.902134903570304014e-04
1.466000000000000000e+03,2.113415634612170209e+02,1.153953007869823163e-03
1.467000000000000000e+03,2.114659032553608711e+02,-1.366915989450790628e-03
1.468000000000000000e+03,2.115902430469078865e+02,-2.206647165891250609e-04
1.469000000000000000e+03,2.117145828373100755e+02,1.223313368204960460e-05
1.470000000000000000e+03,2.118389226269771086e+02,-5.478175069816969972e-04
1.471000000000000000e+03,2.119632624177195623e+02,-2.980177033517787048e-04
1.472000000000000000e+03,2.120876022119096831e+02,3.290093392343855982e-04
1.473000000000000000e+03,2.122119420046670939e+02,-2.348415569709314085e-04
1.474000000000000000e+03,2.123362817990633289e+02,-1.191148807723771278e-03
1.475000000000000000e+03,2.124606215969073446e+02,7.911373926996709835e-04
1.476000000000000000e+03,2.125849613994303695e+02,8.052795847003673324e-04
1.477000000000000000e+03,2.127093012073108866e+02,5.199703396810283380e-04
1.478000000000000000e+03,2.128336410152671476e+02,-1.100122345939115497e-03
1.479000000000000000e+03,2.129579808254071054e+02,-6.590248417841713642e-04
1.480000000000000000e+03,2.130823206365942042e+02,-8.322712646921043766e-04
1.481000000000000000e+03,2.132066604472001359e+02,-5.575974137482962115e-04
1.482000000000000000e+03,2.133310002569946278e+02,1.174772790109736243e-03
1.483000000000000000e+03,2.134553400681522248e+02,-1.135449676760404191e-03
1.484000000000000000e+03,2.135796798772265959e+02,2.025977774559268381e-05
1.485000000000000000e+03,2.137040196827253737e+02,2.576568888886099492e-04
1.486000000000000000e+03,2.138283594829250944e+02,1.106797561596400102e-03
1.487000000000000000e+03,2.139526992804974554e+02,-2.321611320240982396e-04
1.488000000000000000e+03,2.140770390773542715e+02,-5.151821832718847440e-04
1.489000000000000000e+03,2.142013788719947058e+02,-4.447436595575662578e-05
1.490000000000000000e+03,2.143257186652847679e+02,3.270016814906336684e-04
1.491000000000000000e+03,2.144500584585180718e+02,-4.611173179318392044e-04
1.492000000000000000e+03,2.145743982501984135e+02,-8.267338836081992645e-04
1.493000000000000000e+03,2.146987380420729892e+02,9.170957916145279845e-04
1.494000000000000000e+03,2.148230778359906310e+02,4.846579426183053423e-04
1.495000000000000000e+03,2.149474176337130586e+02,6.220018195116597693e-04
1.496000000000000000e+03,2.150717574368167391e+02,1.172037459368279133e-04
1.497000000000000000e+03,2.151960972386316371e+02,4.916856339007590927e-04
1.498000000000000000e+03,2.153204370430003962e+02,7.220554231445338277e-04
1.499000000000000000e+03,2.154447768496948186e+02,3.320025652870324312e-04
1.500000000000000000e+03,2.155691166581954974e+02,7.181790452888619581e-04
1.501000000000000000e+03,2.156934564679992548e+02,-6.044896425824657282e-06
1.502000000000000000e+03,2.158177962789745834e+02,-1.006908609710106123e-03
1.503000000000000000e+03,2.159421360894571364e+02,-7.949685240220156221e-04
1.504000000000000000e+03,2.160664758979065994e+02,1.632136523898756531e-04
1.505000000000000000e+03,2.161908157024006698e+02,7.512833790704035895e-04
1.506000000000000000e+03,2.163151555049598755e+02,-5.839406756377422828e-04
1.507000000000000000e+03,2.164394953075762658e+02,-2.742246450102575487e-04
1.508000000000000000e+03,2.165638351077890320e+02,-1.176730308051197578e-03
1.509000000000000000e+03,2.166881749055415582e+02,-8.740393244473290951e-04
1.510000000000000000e+03,2.168125147009686486e+02,-2.432804482732813574e-04
1.511000000000000000e+03,2.169368544950627893e+02,3.380055603480436278e-04
1.512000000000000000e+03,2.170611942886023940e+02,-1.301767273328486478e-03
1.513000000000000000e+03,2.171855340826615475e+02,-3.921393515370060010e-04
1.514000000000000000e+03,2.173098738787939226e+02,8.831631303830277937e-04
1.515000000000000000e+03,2.174342136787679749e+02,-9.946229820109551024e-04
1.516000000000000000e+03,2.175585534768594869e+02,-1.596074818468553084e-04
1.517000000000000000e+03,2.176828932769095672e+02,3.290642476872914185e-04
1.518000000000000000e+03,2.178072330793280571e+02,6.261958996346938524e-04
1.519000000000000000e+03,2.179315728844520379e+02,7.998259559225719953e-04
1.520000000000000000e+03,2.180559126919967525e+02,8.011608783344802143e-04
1.521000000000000000e+03,2.181802525000186961e+02,1.104068732236281958e-03
1.522000000000000000e+03,2.183045923086235121e+02,-3.303144016916865957e-04
1.523000000000000000e+03,2.184289321166917546e+02,1.386766826678624640e-04
1.524000000000000000e+03,2.185532719227395262e+02,1.271144825084725028e-03
1.525000000000000000e+03,2.186776117277896674e+02,-8.018354616481120816e-04
1.526000000000000000e+03,2.188019515334073617e+02,-1.509296526658556099e-04
1.527000000000000000e+03,2.189262913372366199e+02,-5.430767150091453995e-04
1.528000000000000000e+03,2.190506311386959908e+02,1.368786736886115369e-03
1.529000000000000000e+03,2.191749709371980259e+02,1.384886494736147769e-03
1.530000000000000000e+03,2.192993107346837292e+02,-8.023537381755871780e-04
1.531000000000000000e+03,2.194236505315604973e+02,7.574768964964741257e-05
1.532000000000000000e+03,2.195479903279854170e+02,3.745389486604124165e-05
1.533000000000000000e+03,2.196723301249655833e+02,-1.026191570317067309e-03
1.534000000000000000e+03,2.197966699238417050e+02,2.544402376322515871e-04
1.535000000000000000e+03,2.199210097213943413e+02,-1.135066124823513184e-03
1.536000000000000000e+03,2.200453495202626186e+02,1.078967740101569994e-03
1.537000000000000000e+03,2.201696893212412647e+02,9.534708200461903399e-04
1.538000000000000000e+03,2.202940291251830160e+02,1.303429429670158657e-03
1.539000000000000000e+03,2.204183689301773938e+02,-1.221489949490553754e-03
1.540000000000000000e+03,2.205427087355465403e+02,5.035702707598016829e-04
1.541000000000000000e+03,2.206670485414636858e+02,-8.903770941573162516e-05
1.542000000000000000e+03,2.207913883470494056e+02,-3.045181021473854807e-04
1.543000000000000000e+03,2.209157281522384721e+02,5.796518462630981553e-04
1.544000000000000000e+03,2.210400679579283860e+02,-7.105853095689546864e-04
1.545000000000000000e+03,2.211644077624811757e+02,3.129736318925525245e-04
1.546000000000000000e+03,2.212887475651105547e+02,1.226312863112063826e-03
1.547000000000000000e+03,2.214130873652697460e+02,1.095063869445535168e-03
1.548000000000000000e+03,2.215374271656297935e+02,1.245102424538991302e-03
1.549000000000000000e+03,2.216617669650297557e+02,1.331555462646798367e-03
1.550000000000000000e+03,2.217861067639387613e+02,-9.303634383618082475e-04
1.551000000000000000e+03,2.219104465630807397e+02,-6.613589806152220458e-05
1.552000000000000000e+03,2.220347863615390338e+02,1.307333932564915197e-03
1.553000000000000000e+03,2.221591261601399765e+02,7.552231512002557283e-04
1.554000000000000000e+03,2.222834659597578479e+02,1.280294081324251983e-03
1.555000000000000000e+03,2.224078057611951067e+02,7.136410868930139362e-04
1.556000000000000000e+03,2.225321455637126178e+02,6.932974551753156786e-04
1.557000000000000000e+03,2.226564853663680310e+02,-7.995108461654380858e-04
1.558000000000000000e+03,2.227808251698257322e+02,1.132793216042574666e-03
1.559000000000000000e+03,2.229051649737727416e+02,7.153694111706854859e-04
1.560000000000000000e+03,2.230295047779604545e+02,2.233379408515930316e-05
1.561000000000000000e+03,2.231538445827138162e+02,9.793849581631931291e-04
1.562000000000000000e+03,2.232781843871400440e+02,1.179112565785331952e-03
1.563000000000000000e+03,2.234025241905972052e+02,1.036133855502255037e-03
1.564000000000000000e+03,2.235268639922813065e+02,-3.580487640046171372e-04
1.565000000000000000e+03,2.236512037944198710e+02,-6.861244489163802847e-05
1.566000000000000000e+03,2.237755435957919872e+02,-6.249190909811102847e-06
1.567000000000000000e+03,2.238998833964265032e+02,1.336383199872392307e-03
1.568000000000000000e+03,2.240242231964749351e+02,4.156053438337890121e-04
1.569000000000000000e+03,2.241485629959975654e+02,-7.126332133251483503e-05
1.570000000000000000e+03,2.242729027952767353e+02,1.280172739697549300e-03
1.571000000000000000e+03,2.243972425948078069e+02,-4.727372104894541380e-04
1.572000000000000000e+03,2.245215823951748177e+02,-9.454812781509058144e-04
1.573000000000000000e+03,2.246459221962456638e+02,-3.047115077176073671e-04
1.574000000000000000e+03,2.247702619970526428e+02,-5.957378411145419946e-04
1.575000000000000000e+03,2.248946017984065122e+02,5.992720792873496667e-04
1.576000000000000000e+03,2.250189416003388487e+02,-4.058103414068170889e-04
1.577000000000000000e+03,2.251432814027964184e+02,7.485312264861970722e-04
1.578000000000000000e+03,2.252676212054440725e+02,4.157074785474525560e-04
1.579000000000000000e+03,2.253919610080949099e+02,8.949916001313088345e-04
1.580000000000000000e+03,2.255163008103564266e+02,-1.397167389989083068e-04
1.581000000000000000e+03,2.256406406117054928e+02,7.139184601084375874e-05
1.582000000000000000e+03,2.257649804131061728e+02,-1.252259434588277182e-03
1.583000000000000000e+03,2.258893202141456982e+02,5.377879496738009356e-04
1.584000000000000000e+03,2.260136600145116859e+02,8.479899720434095787e-04
1.585000000000000000e+03,2.261379998140861289e+02,2.205266610271133863e-04
1.586000000000000000e+03,2.262623396130442757e+02,5.066244679447969588e-04
1.587000000000000000e+03,2.263866794116428309e+02,1.303046366308525375e-03
1.588000000000000000e+03,2.265110192099486710e+02,1.243581325709287779e-03
1.589000000000000000e+03,2.266353590082511857e+02,1.088410116583519906e-03
1.590000000000000000e+03,2.267596988066448205e+02,-9.920081644127485589e-04
1.591000000000000000e+03,2.268840386044329875e+02,7.135760534338820476e-04
1.592000000000000000e+03,2.270083784021766462e+02,-6.632743177037173305e-04
1.593000000000000000e+03,2.271327181999776030e+02,3.518907802914801857e-04
1.594000000000000000e+03,2.272570579979390288e+02,7.102391041020074923e-04
1.595000000000000000e+03,2.273813977954461336e+02,9.542728684658071227e-04
1.596000000000000000e+03,2.275057375926134569e+02,6.283763997701623293e-04
1.597000000000000000e+03,2.276300773892195934e+02,2.488271114701946958e-05
1.598000000000000000e+03,2.277544171849612553e+02,-6.195542940187251900e-04
1.599000000000000000e+03,2.278787569800471715e+02,-1.067533507505323640e-03
1.600000000000000000e+03,2.280030967743607277e+02,8.715544905776369689e-04
1.601000000000000000e+03,2.281274365675400020e+02,7.921542819812972449e-04
1.602000000000000000e+03,2.282517763593498898e+02,9.112929794066785497e-04
1.603000000000000000e+03,2.283761161497568537e+02,6.717742340900789005e-04
1.604000000000000000e+03,2.285004559389553549e+02,-1.069170424886305539e-03
1.605000000000000000e+03,2.286247957267089248e+02,-9.517962178591026987e-04
1.606000000000000000e+03,2.287491355130052852e+02,-9.756777782822265242e-04
1.607000000000000000e+03,2.288734752978167251e+02,3.167202538219282548e-04
1.608000000000000000e+03,2.289978150806540214e+02,5.823127084612300880e-04
1.609000000000000000e+03,2.291221548616501309e+02,-5.254977312002145125e-04
1.610000000000000000e+03,2.292464946407276329e+02,1.236891095811630737e-05
1.611000000000000000e+03,2.293708344178151890e+02,1.954755795748907871e-04
1.612000000000000000e+03,2.294951741923126463e+02,7.156374218806190683e-04
1.613000000000000000e+03,2.296195139640312846e+02,3.612974061350586962e-04
1.614000000000000000e+03,2.297438537326957828e+02,1.216728931554937826e-03
1.615000000000000000e+03,2.298681934979158257e+02,-1.348627092290102022e-03
1.616000000000000000e+03,2.299925332593547864e+02,6.303362820818016058e-04
1.617000000000000000e+03,2.301168730166268688e+02,-1.176318431664408843e-03
1.618000000000000000e+03,2.302412127691755472e+02,-1.226821576347202937e-03
1.619000000000000000e+03,2.303655525164406015e+02,-4.719799809922170129e-04
1.620000000000000000e+03,2.304898922578847760e+02,6.604492198944428424e-04
1.621000000000000000e+03,2.306142319931545330e+02,1.292679035454666033e-04
1.622000000000000000e+03,2.307385717215160810e+02,8.665616775762953776e-04
1.623000000000000000e+03,2.308629114423285955e+02,-1.084280120042931724e-03
1.624000000000000000e+03,2.309872511549162937e+02,-1.550960745774780300e-04
1.625000000000000000e+03,2.311115908583117005e+02,3.163964707566306557e-04
1.626000000000000000e+03,2.312359305517773862e+02,1.163276873717543390e-03
1.627000000000000000e+03,2.313602702344223303e+02,7.620141128816642880e-04
1.628000000000000000e+03,2.314846099052957982e+02,-5.467860441423804578e-04
1.629000000000000000e+03,2.316089495630330362e+02,-1.142512598836663892e-03
1.630000000000000000e+03,2.317332892063416239e+02,-1.050685735949330110e-03
1.631000000000000000e+03,2.318576288339380369e+02,-1.383936245104744767e-03
1.632000000000000000e+03,2.319819684443289987e+02,9.523619329748239009e-04
1.633000000000000000e+03,2.321063080358076149e+02,1.863508729290230684e-04
1.634000000000000000e+03,2.322306476064387653e+02,6.762893392075210695e-04
1.635000000000000000e+03,2.323549871542887217e+02,-6.774757210600029127e-04
1.636000000000000000e+03,2.324793266771801257e+02,7.515765596065424221e-05
1.637000000000000000e+03,2.326036661727389401e+02,-1.069635114828033624e-04
1.638000000000000000e+03,2.327280056383038698e+02,-9.071277229137669111e-04
1.639000000000000000e+03,2.328523450711098519e+02,-1.055431175198087495e-03
1.640000000000000000e+03,2.329766844681271323e+02,6.562968060532576751e-04
1.641000000000000000e+03,2.331010238260899996e+02,-1.373333433959574674e-03
1.642000000000000000e+03,2.332253631411199137e+02,-1.024853097454390743e-03
1.643000000000000000e+03,2.333497024093596508e+02,-6.175361230558537465e-05
1.644000000000000000e+03,2.334740416266157013e+02,-7.450722334015590911e-04
1.645000000000000000e+03,2.335983807883328041e+02,5.004923401115579000e-04
1.646000000000000000e+03,2.337227198892441891e+02,1.316177643766322991e-03
1.647000000000000000e+03,2.338470589236693513e+02,6.845735423375814803e-04
1.648000000000000000e+03,2.339713978858505925e+02,1.349238932618300729e-03
1.649000000000000000e+03,2.340957367694009577e+02,-5.799888753402350060e-04
1.650000000000000000e+03,2.342200755668953605e+02,-1.032891474451946455e-03
1.651000000000000000e+03,2.343444142705762374e+02,7.585142358466728752e-04
1.652000000000000000e+03,2.344687528722720629e+02,-7.718430921769933901e-04
1.653000000000000000e+03,2.345930913630308225e+02,1.355197807255272870e-03
1.654000000000000000e+03,2.347174297326242254e+02,1.064378432814031515e-03
1.655000000000000000e+03,2.348417679705059413e+02,6.219222626134110650e-04
1.656000000000000000e+03,2.349661060652733511e+02,1.323440304138074047e-03
1.657000000000000000e+03,2.350904440045933939e+02,-5.791552983258336888e-04
1.658000000000000000e+03,2.352147817742828977e+02,5.900274056589749382e-05
1.659000000000000000e+03,2.353391193600746476e+02,-9.383719690933185233e-04
1.660000000000000000e+03,2.354634567462790642e+02,-8.529834501702119546e-04
1.661000000000000000e+03,2.355877939159188372e+02,4.399309766152998584e-04
1.662000000000000000e+03,2.357121308497128211e+02,6.045675624836120698e-04
1.663000000000000000e+03,2.358364675281739835e+02,4.738449582546015115e-06
1.664000000000000000e+03,2.359608039299255609e+02,9.416637120507846811e-04
1.665000000000000000e+03,2.360851400316992965e+02,1.339752485672035618e-03
1.666000000000000000e+03,2.362094758075443224e+02,-6.989206695218830128e-05
1.667000000000000000e+03,2.363338112309409098e+02,1.323657488969075084e-03
1.668000000000000000e+03,2.364581462729296675e+02,9.738613746973612652e-04
1.669000000000000000e+03,2.365824809018276085e+02,2.969296368665530136e-04
1.670000000000000000e+03,2.367068150829629758e+02,-2.264455935192081506e-04
1.671000000000000000e+03,2.368311487804638205e+02,6.209309876689356840e-04
1.672000000000000000e+03,2.369554819553651441e+02,-8.620307009252122519e-04
1.673000000000000000e+03,2.370798145648386424e+02,2.075710722520611408e-04
1.674000000000000000e+03,2.372041465628587957e+02,6.391422422063138572e-05
1.675000000000000000e+03,2.373284779012556953e+02,-1.290338615425516569e-03
1.676000000000000000e+03,2.374528085279765435e+02,5.620238560844711441e-04
1.677000000000000000e+03,2.375771383855354486e+02,-5.495902495297284515e-04
1.678000000000000000e+03,2.377014674132432788e+02,1.946970253068853541e-04
1.679000000000000000e+03,2.378257955468791636e+02,-5.532394463720951769e-04
1.680000000000000000e+03,2.379501227173907409e+02,1.059572048493845169e-03
1.681000000000000000e+03,2.380744488481830388e+02,6.681797769293393047e-04
1.682000000000000000e+03,2.381987738597984503e+02,-1.059173786606107783e-03
1.683000000000000000e+03,2.383230976672111581e+02,8.249891798457407695e-04
1.684000000000000000e+03,2.384474201794364205e+02,2.641315936311172674e-04
1.685000000000000000e+03,2.385717412953750340e+02,1.140466369521430084e-03
1.686000000000000000e+03,2.386960609116616752e+02,-4.323408775369046034e-04
1.687000000000000000e+03,2.388203789166092292e+02,-6.697557193600236570e-04
1.688000000000000000e+03,2.389446951908508083e+02,4.057654431981962302e-04
1.689000000000000000e+03,2.390690096035842771e+02,-7.989861725022069736e-04
1.690000000000000000e+03,2.391933220200281767e+02,-2.547954398958332360e-04
1.691000000000000000e+03,2.393176322952344606e+02,2.983557342636825559e-04
1.692000000000000000e+03,2.394419402741034730e+02,-7.931280421558286730e-04
1.693000000000000000e+03,2.395662457887670200e+02,-1.130610980175166718e-03
1.694000000000000000e+03,2.396905486651392039e+02,-5.310843473059449890e-04
1.695000000000000000e+03,2.398148487168411691e+02,1.115166983588680672e-03
1.696000000000000000e+03,2.399391457440997897e+02,1.725331515436795112e-04
1.697000000000000000e+03,2.400634395328179949e+02,4.700568176863181239e-04
1.698000000000000000e+03,2.401877298601570203e+02,-1.929636661460045843e-04
1.699000000000000000e+03,2.403120164883161749e+02,2.146731116754700013e-04
1.700000000000000000e+03,2.404362991616943646e+02,-1.004590093057875942e-03
1.701000000000000000e+03,2.405605776091206565e+02,-3.476982099189910615e-04
1.702000000000000000e+03,2.406848515472069892e+02,-1.151520570938310579e-03
1.703000000000000000e+03,2.408091206743937391e+02,5.484664983210848664e-04
1.704000000000000000e+03,2.409333846663857628e+02,-3.230262127700304019e-04
1.705000000000000000e+03,2.410576431826240764e+02,7.825251185385401556e-04
1.706000000000000000e+03,2.411818958650122511e+02,5.868288831956450496e-04
1.707000000000000000e+03,2.413061423339794089e+02,-7.881638805276168936e-04
1.708000000000000000e+03,2.414303821827421075e+02,6.476081635681785707e-04
1.709000000000000000e+03,2.415546149869042267e+02,-8.626244226351496283e-04
1.710000000000000000e+03,2.416788402982932382e+02,-3.654481845426305682e-04
1.711000000000000000e+03,2.418030576438543449e+02,-1.066484093382885547e-03
1.712000000000000000e+03,2.419272665185671940e+02,1.248981166429191311e-03
1.713000000000000000e+03,2.420514663977358794e+02,-4.715876779213869240e-04
1.714000000000000000e+03,2.421756567266710931e+02,8.661947528855932056e-04
1.715000000000000000e+03,2.422998369213038359e+02,-9.424021648728865639e-04
1.716000000000000000e+03,2.424240063620299281e+02,-1.327776535052744102e-04
1.717000000000000000e+03,2.425481644044890572e+02,2.467561274222358964e-04
1.718000000000000000e+03,2.426723103696906776e+02,1.514326873629730057e-03
1.719000000000000000e+03,2.427964435438423720e+02,-6.605006606602143154e-04
1.720000000000000000e+03,2.429205631745994083e+02,1.132516143857142422e-03
1.721000000000000000e+03,2.430446684783940725e+02,1.516316186849826601e-03
1.722000000000000000e+03,2.431687586324420920e+02,1.480905269750442494e-03
1.723000000000000000e+03,2.432928327741885823e+02,1.409328134841457067e-03
1.724000000000000000e+03,2.434168899999220343e+02,5.431616999938683292e-04
1.725000000000000000e+03,2.435409293669661679e+02,1.736534155009568413e-03
1.726000000000000000e+03,2.436649498893154941e+02,7.933737567786506998e-04
1.727000000000000000e+03,2.437889505375328838e+02,1.365172955963723112e-03
1.728000000000000000e+03,2.439129302374059023e+02,-7.618917068708383391e-04
1.729000000000000000e+03,2.440368878685537481e+02,6.461884062170872170e-04
1.730000000000000000e+03,2.441608222635155414e+02,-3.134289948649913136e-05
1.731000000000000000e+03,2.442847322100118106e+02,2.075849863502258683e-03
1.732000000000000000e+03,2.444086164451997547e+02,9.963008660836833799e-04
1.733000000000000000e+03,2.445324736549640079e+02,4.227270840017197714e-04
1.734000000000000000e+03,2.446563024747673296e+02,3.427007520148300009e-04
1.735000000000000000e+03,2.447801014979248748e+02,1.137329626678003185e-03
1.736000000000000000e+03,2.449038692575049652e+02,7.123685576393595006e-04
1.737000000000000000e+03,2.450276042341896527e+02,1.538299196621459265e-03
1.738000000000000000e+03,2.451513048557359582e+02,1.683522588447459827e-03
1.739000000000000000e+03,2.452749695161193131e+02,-1.122746461004171890e-04
1.740000000000000000e+03,2.453985965337953701e+02,5.953927329264301939e-05
1.741000000000000000e+03,2.455221841801064215e+02,2.025784610530721990e-03
1.742000000000000000e+03,2.456457306749095721e+02,2.346284973664067037e-04
1.743000000000000000e+03,2.457692342095355684e+02,9.802748561196479929e-05
1.744000000000000000e+03,2.458926928925415609e+02,1.430968834151892652e-03
1.745000000000000000e+03,2.460161047898338325e+02,2.088604360994349846e-03
1.746000000000000000e+03,2.461394679240831920e+02,3.072916677510734770e-03
1.747000000000000000e+03,2.462627802935635657e+02,2.278866750976686270e-03
1.748000000000000000e+03,2.463860398119241211e+02,8.767862428298754066e-04
1.749000000000000000e+03,2.465092443577657093e+02,9.977337652998059456e-04
1.750000000000000000e+03,2.466323917825907301e+02,2.895034230787295847e-03
1.751000000000000000e+03,2.467554799147084736e+02,1.687546291165409763e-03
1.752000000000000000e+03,2.468785065044720284e+02,1.335179349944971578e-03
1.753000000000000000e+03,2.470014692782483792e+02,2.850429427499218127e-03
1.754000000000000000e+03,2.471243659611432690e+02,2.417737471790953191e-03
1.755000000000000000e+03,2.472471942514005150e+02,3.469699557503878699e-03
1.756000000000000000e+03,2.473699517879697680e+02,3.415744143323124274e-03
1.757000000000000000e+03,2.474926362004775910e+02,3.861953332034993251e-03
1.758000000000000000e+03,2.476152451537566606e+02,4.399443148979557267e-03
1.759000000000000000e+03,2.477377762759314805e+02,2.184035629861805911e-03
1.760000000000000000e+03,2.478602271696505852e+02,3.350837642975345882e-03
1.761000000000000000e+03,2.479825954464115512e+02,4.542863692450662197e-03
1.762000000000000000e+03,2.481048787991330471e+02,3.042026417769913907e-03
1.763000000000000000e+03,2.482270748689025481e+02,4.342576033194166067e-03
1.764000000000000000e+03,2.483491813216112121e+02,3.832936101381987336e-03
1.765000000000000000e+03,2.484711958547192978e+02,5.057797640008128252e-03
1.766000000000000000e+03,2.485931162947485120e+02,5.475826930779218067e-03
1.767000000000000000e+03,2.487149404079206079e+02,5.297700435828947389e-03
1.768000000000000000e+03,2.488366660448839696e+02,5.357516318512175503e-03
1.769000000000000000e+03,2.489582911233275979e+02,7.033218865177882397e-03
1.770000000000000000e+03,2.490798137040501672e+02,7.274037469251028350e-03
1.771000000000000000e+03,2.492012318379049418e+02,6.385649076631878113e-03
1.772000000000000000e+03,2.493225436934401102e+02,6.321867580755563543e-03
1.773000000000000000e+03,2.494437475516489258e+02,7.855064439435078746e-03
1.774000000000000000e+03,2.495648418465517864e+02,7.762678215544534764e-03
1.775000000000000000e+03,2.496858250674622468e+02,7.017010777219827300e-03
1.776000000000000000e+03,2.498066958541665201e+02,9.202128770595029150e-03
1.777000000000000000e+03,2.499274529998266985e+02,8.460357262214997925e-03
1.778000000000000000e+03,2.500480954620904583e+02,7.568375884140426252e-03
1.779000000000000000e+03,2.501686223268968661e+02,9.633469334257026978e-03
1.780000000000000000e+03,2.502890328609883568e+02,1.056684059049221337e-02
1.781000000000000000e+03,2.504093265108976993e+02,1.017130095991798655e-02
1.782000000000000000e+03,2.505295029110626217e+02,1.079093459467482877e-02
1.783000000000000000e+03,2.506495618917052752e+02,9.479576950276777381e-03
1.784000000000000000e+03,2.507695034904479598e+02,1.215759809424623444e-02
1.785000000000000000e+03,2.508893279257358131e+02,1.152998854629056283e-02
1.786000000000000000e+03,2.510090356525826962e+02,1.141526766533285976e-02
1.787000000000000000e+03,2.511286273657217123e+02,1.151980899642341891e-02
1.788000000000000000e+03,2.512481039897492394e+02,1.359364838839208396e-02
1.789000000000000000e+03,2.513674665966084376e+02,1.273264886751977396e-02
1.790000000000000000e+03,2.514867165807642095e+02,1.468203280094248359e-02
1.791000000000000000e+03,2.516058555777729282e+02,1.338361918410002800e-02
1.792000000000000000e+03,2.517248854690242865e+02,1.648959066848273633e-02
1.793000000000000000e+03,2.518438082210775235e+02,1.594037859601345891e-02
1.794000000000000000e+03,2.519626262366544722e+02,1.500637852351239393e-02
1.795000000000000000e+03,2.520813421137088142e+02,1.711394400521313794e-02
1.796000000000000000e+03,2.521999586846873740e+02,1.705921920106722584e-02
1.797000000000000000e+03,2.523184788545992205e+02,1.700561021539145207e-02
1.798000000000000000e+03,2.524369059874945833e+02,1.944645268168019789e-02
1.799000000000000000e+03,2.525552436195572739e+02,1.879535607389609675e-02
1.800000000000000000e+03,2.526734954745457742e+02,1.987818895209201089e-02
1.801000000000000000e+03,2.527916653580309685e+02,2.040675284214543000e-02
1.802000000000000000e+03,2.529097575052906848e+02,2.100670025510843753e-02
1.803000000000000000e+03,2.530277762937073192e+02,2.086257594560771839e-02
1.804000000000000000e+03,2.531457262214248942e+02,2.152513601456029768e-02
1.805000000000000000e+03,2.532636118943721044e+02,2.231896638866705251e-02
1.806000000000000000e+03,2.533814382678444019e+02,2.383236888601215561e-02
1.807000000000000000e+03,2.534992104049049146e+02,2.426145205916805866e-02
1.808000000000000000e+03,2.536169334158957724e+02,2.461680035733084665e-02
1.809000000000000000e+03,2.537346125457228823e+02,2.437021683728625085e-02
1.810000000000000000e+03,2.538522532721646883e+02,2.755818231971695134e-02
1.811000000000000000e+03,2.539698611432184236e+02,2.601230083994422737e-02
1.812000000000000000e+03,2.540874416900947210e+02,2.633873005500719788e-02
1.813000000000000000e+03,2.542050005837018034e+02,2.938358546048334269e-02
1.814000000000000000e+03,2.543225436002213655e+02,2.838811228508595491e-02
1.815000000000000000e+03,2.544400765449896085e+02,2.923027748266380024e-02
1.816000000000000000e+03,2.545576051673814675e+02,2.916587968459387337e-02
1.817000000000000000e+03,2.546751353170454308e+02,3.157229296018856241e-02
1.818000000000000000e+03,2.547926728396319618e+02,3.267054061426720446e-02
1.819000000000000000e+03,2.549102235637474507e+02,3.228936651978497191e-02
1.820000000000000000e+03,2.550277932604531941e+02,3.402569975147394510e-02
1.821000000000000000e+03,2.551453876976998458e+02,3.350280722829390018e-02
1.822000000000000000e+03,2.552630125774123258e+02,3.549279419407992686e-02
1.823000000000000000e+03,2.553806735382256079e+02,3.585047974284036321e-02
1.824000000000000000e+03,2.554983761719766449e+02,3.490867444721546670e-02
1.825000000000000000e+03,2.556161259386688300e+02,3.528580431219081881e-02
1.826000000000000000e+03,2.557339282063906012e+02,3.711509218382205710e-02
1.827000000000000000e+03,2.558517882488961845e+02,3.842671938706367779e-02
1.828000000000000000e+03,2.559697112754775787e+02,3.698694129484807885e-02
1.829000000000000000e+03,2.560877022746830676e+02,4.000891974120080602e-02
1.830000000000000000e+03,2.562057661199684730e+02,4.001124627274515316e-02
1.831000000000000000e+03,2.563239075821854840e+02,4.079314116748057606e-02
1.832000000000000000e+03,2.564421313222094341e+02,4.079074831208976543e-02
1.833000000000000000e+03,2.565604417377939512e+02,4.103344441607593290e-02
1.834000000000000000e+03,2.566788430906115082e+02,4.159540334921818516e-02
1.835000000000000000e+03,2.567973395497337492e+02,4.142889768674322404e-02
1.836000000000000000e+03,2.569159351090357291e+02,4.179664461466379988e-02
1.837000000000000000e+03,2.570346335005804690e+02,4.451464881213253177e-02
1.838000000000000000e+03,2.571534383020172640e+02,4.364816143819398586e-02
1.839000000000000000e+03,2.572723530193243278e+02,4.347662882936072920e-02
1.840000000000000000e+03,2.573913809113394109e+02,4.563069639171685177e-02
1.841000000000000000e+03,2.575105250101215120e+02,4.584712738897715051e-02
1.842000000000000000e+03,2.576297881787027677e+02,4.643377572941214532e-02
1.843000000000000000e+03,2.577491732320439155e+02,4.800950888629218483e-02
1.844000000000000000e+03,2.578686826742497828e+02,4.755925482883813227e-02
1.845000000000000000e+03,2.579883188367941784e+02,4.685050811789145259e-02
1.846000000000000000e+03,2.581080838755898981e+02,4.872073931620167497e-02
1.847000000000000000e+03,2.582279799067669614e+02,4.732518253575200562e-02
1.848000000000000000e+03,2.583480087098398030e+02,5.044975001512313345e-02
1.849000000000000000e+03,2.584681719383524978e+02,4.833185029177871489e-02
1.850000000000000000e+03,2.585884710823289652e+02,5.046965090185785013e-02
1.851000000000000000e+03,2.587089075563447977e+02,5.172874532658448127e-02
1.852000000000000000e+03,2.588294824950284578e+02,5.179653695024742655e-02
1.853000000000000000e+03,2.589501969094897049e+02,5.019448001457006009e-02
1.854000000000000000e+03,2.590710516709183366e+02,5.195303076122857050e-02
1.855000000000000000e+03,2.591920475483695441e+02,5.069713099912596943e-02
1.856000000000000000e+03,2.593131850902191786e+02,5.200784315938881963e-02
1.857000000000000000e+03,2.594344647265869526e+02,5.347940858150180415e-02
1.858000000000000000e+03,2.595558867666682659e+02,5.175693216226848886e-02
1.859000000000000000e+03,2.596774514028671206e+02,5.238457983407740493e-02
1.860000000000000000e+03,2.597991586623779199e+02,5.381643902734316309e-02
1.861000000000000000e+03,2.599210084610946296e+02,5.234965803212910523e-02
1.862000000000000000e+03,2.600430006434385746e+02,5.264316716329449364e-02
1.863000000000000000e+03,2.601651349455978561e+02,5.361764117110797562e-02
1.864000000000000000e+03,2.602874109589428144e+02,5.520219633692820260e-02
1.865000000000000000e+03,2.604098281967328603e+02,5.399713440784145030e-02
1.866000000000000000e+03,2.605323861798311214e+02,5.584715060349156046e-02
1.867000000000000000e+03,2.606550843075515900e+02,5.501555417237122270e-02
1.868000000000000000e+03,2.607779218868244016e+02,5.425584243730134648e-02
1.869000000000000000e+03,2.609008976806015880e+02,5.529135117650555570e-02
1.870000000000000000e+03,2.610240105780555382e+02,5.425086276830202309e-02
1.871000000000000000e+03,2.611472594615762546e+02,5.572349021462381924e-02
1.872000000000000000e+03,2.612706430362640049e+02,5.409941093582436300e-02
1.873000000000000000e+03,2.613941599012305232e+02,5.601889431130230995e-02
1.874000000000000000e+03,2.615178094714971166e+02,5.436663754257047704e-02
1.875000000000000000e+03,2.616415904742257794e+02,5.548079841094622627e-02
1.876000000000000000e+03,2.617655016151762766e+02,5.508354994584711145e-02
1.877000000000000000e+03,2.618895415687613877e+02,5.624523612988339971e-02
1.878000000000000000e+03,2.620137089568149804e+02,5.592577293078036804e-02
1.879000000000000000e+03,2.621380019786212756e+02,5.588948562520164309e-02
1.880000000000000000e+03,2.622624190133294633e+02,5.627055888266430800e-02
1.881000000000000000e+03,2.623869585803699351e+02,5.523885315140973640e-02
1.882000000000000000e+03,2.625116188876619390e+02,5.663385825941189000e-02
1.883000000000000000e+03,2.626363983128007931e+02,5.514479836420426578e-02
1.884000000000000000e+03,2.627612952499411563e+02,5.551766844854689326e-02
1.885000000000000000e+03,2.628863079642489993e+02,5.532036128091468580e-02
1.886000000000000000e+03,2.630114347079104391e+02,5.529606766720288058e-02
1.887000000000000000e+03,2.631366737432519471e+02,5.655027149652182283e-02
1.888000000000000000e+03,2.632620232441407211e+02,5.511676346761551493e-02
1.889000000000000000e+03,2.633874813899695937e+02,5.522834971088679684e-02
1.890000000000000000e+03,2.635130463448410865e+02,5.555556711442565659e-02
1.891000000000000000e+03,2.636387162580743393e+02,5.434802579051647292e-02
1.892000000000000000e+03,2.637644892476529890e+02,5.363402546886040373e-02
1.893000000000000000e+03,2.638903634841898906e+02,5.308872278667081668e-02
1.894000000000000000e+03,2.640163370717045836e+02,5.483116966535298009e-02
1.895000000000000000e+03,2.641424081195518738e+02,5.486605714493222180e-02
1.896000000000000000e+03,2.642685747262598852e+02,5.488778067281870066e-02
1.897000000000000000e+03,2.643948349889300289e+02,5.378785927369921643e-02
1.898000000000000000e+03,2.645211869959955493e+02,5.221483498460895156e-02
1.899000000000000000e+03,2.646476288151054632e+02,5.219589699472081123e-02
1.900000000000000000e+03,2.647741585092043692e+02,5.368124029071270203e-02
1.901000000000000000e+03,2.649007741314633222e+02,5.329651266506350155e-02
1.902000000000000000e+03,2.650274739193574192e+02,5.124702460729776282e-02
1.903000000000000000e+03,2.651542559218876249e+02,5.267265967977478175e-02
1.904000000000000000e+03,2.652811181973235080e+02,5.129363781557891994e-02
1.905000000000000000e+03,2.654080588286425950e+02,5.074825886904177352e-02
1.906000000000000000e+03,2.655350759113360937e+02,5.292699410911820557e-02
1.907000000000000000e+03,2.656621676674088803e+02,5.197474557094248354e-02
1.908000000000000000e+03,2.657893321395142152e+02,5.085249569356802002e-02
1.909000000000000000e+03,2.659165674396849113e+02,5.123828000930830823e-02
1.910000000000000000e+03,2.660438716822479250e+02,5.059863972500990709e-02
1.911000000000000000e+03,2.661712430343766869e+02,4.945269440889071833e-02
1.912000000000000000e+03,2.662986797050598398e+02,5.047128841750152944e-02
1.913000000000000000e+03,2.664261797996101109e+02,5.077969263369655484e-02
1.914000000000000000e+03,2.665537414771860654e+02,4.972906405968016696e-02
1.915000000000000000e+03,2.666813629032116637e+02,4.783121614127008869e-02
1.916000000000000000e+03,2.668090423199107590e+02,4.927851550444239948e-02
1.917000000000000000e+03,2.669367779297609218e+02,4.768886691614727252e-02
1.918000000000000000e+03,2.670645679214468373e+02,4.842001323824435960e-02
1.919000000000000000e+03,2.671924105126465179e+02,4.615954419248279733e-02
1.920000000000000000e+03,2.673203039303146511e+02,4.741159860049494468e-02
1.921000000000000000e+03,2.674482464722076429e+02,4.787222488130103010e-02
1.922000000000000000e+03,2.675762363765241503e+02,4.679346902892900922e-02
1.923000000000000000e+03,2.677042719202557919e+02,4.709707641461880617e-02
1.924000000000000000e+03,2.678323513943385592e+02,4.594166855197058530e-02
1.925000000000000000e+03,2.679604731002622202e+02,4.664749453605441382e-02
1.926000000000000000e+03,2.680886353445907844e+02,4.622748776162895895e-02
1.927000000000000000e+03,2.682168364629510506e+02,4.525467159239487946e-02
1.928000000000000000e+03,2.683450747995606775e+02,4.415700729019025883e-02
1.929000000000000000e+03,2.684733487133028120e+02,4.349928732206098658e-02
1.930000000000000000e+03,2.686016565687153843e+02,4.208142447360783966e-02
1.931000000000000000e+03,2.687299967458698688e+02,4.363332877105980528e-02
1.932000000000000000e+03,2.688583676474164577e+02,4.285707018960254605e-02
1.933000000000000000e+03,2.689867676862543249e+02,4.228835842005297663e-02
1.934000000000000000e+03,2.691151952899364801e+02,4.285557771686405309e-02
1.935000000000000000e+03,2.692436488973632436e+02,4.197957067578804435e-02
1.936000000000000000e+03,2.693721269655740684e+02,4.039231335227326525e-02
1.937000000000000000e+03,2.695006279659653501e+02,4.176283002696877522e-02
1.938000000000000000e+03,2.696291503846530304e+02,4.075647897106683681e-02
1.939000000000000000e+03,2.697576927222900736e+02,4.023416541384344791e-02
1.940000000000000000e+03,2.698862534908460589e+02,3.812608972859878737e-02
1.941000000000000000e+03,2.700148312227544238e+02,3.958254785253993713e-02
1.942000000000000000e+03,2.701434244637430311e+02,3.770181761405902443e-02
1.943000000000000000e+03,2.702720317748932644e+02,3.748120499696138558e-02
1.944000000000000000e+03,2.704006517313339373e+02,3.714465928371857295e-02
1.945000000000000000e+03,2.705292829228342271e+02,3.614328810128293601e-02
1.946000000000000000e+03,2.706579239570132813e+02,3.786557663944193491e-02
1.947000000000000000e+03,2.707865734559612747e+02,3.560845634548982092e-02
1.948000000000000000e+03,2.709152300573722982e+02,3.458245420807217613e-02
1.949000000000000000e+03,2.710438924144972361e+02,3.581394537716131588e-02
1.950000000000000000e+03,2.711725591964423074e+02,3.534088173129170535e-02
1.951000000000000000e+03,2.713012290881848116e+02,3.373955897132744491e-02
1.952000000000000000e+03,2.714299007906040515e+02,3.363647763648476563e-02
1.953000000000000000e+03,2.715585730206504991e+02,3.270620095459947363e-02
1.954000000000000000e+03,2.716872445130080109e+02,3.332193329649495162e-02
1.955000000000000000e+03,2.718159140166699217e+02,3.361373720742498461e-02
1.956000000000000000e+03,2.719445802977156745e+02,3.337699358927211091e-02
1.957000000000000000e+03,2.720732421387075419e+02,3.224917446224002948e-02
1.958000000000000000e+03,2.722018983395338410e+02,3.150540213345594948e-02
1.959000000000000000e+03,2.723305477181278889e+02,3.137235351730414956e-02
1.960000000000000000e+03,2.724591891070683118e+02,3.001088134664608650e-02
1.961000000000000000e+03,2.725878213569196191e+02,2.910865099937696293e-02
1.962000000000000000e+03,2.727164433354331550e+02,2.876370283422960764e-02
1.963000000000000000e+03,2.728450539294196915e+02,2.930198193095340242e-02
1.964000000000000000e+03,2.729736520427146047e+02,2.994583224648785305e-02
1.965000000000000000e+03,2.731022365957458646e+02,2.967433453649245129e-02
1.966000000000000000e+03,2.732308065274822866e+02,2.696404155656230428e-02
1.967000000000000000e+03,2.733593607949139823e+02,2.834750634271246406e-02
1.968000000000000000e+03,2.734878983758038657e+02,2.668157225398089250e-02
1.969000000000000000e+03,2.736164182636147189e+02,2.601098443629076482e-02
1.970000000000000000e+03,2.737449194711235236e+02,2.547207510196463492e-02
1.971000000000000000e+03,2.738734010300319710e+02,2.548446065998447724e-02
1.972000000000000000e+03,2.740018619913288944e+02,2.530423165654511336e-02
1.973000000000000000e+03,2.741303014265911884e+02,2.428853909399097261e-02
1.974000000000000000e+03,2.742587184247146297e+02,2.434694034017689454e-02
1.975000000000000000e+03,2.743871120949336273e+02,2.503918184338329092e-02
1.976000000000000000e+03,2.745154815662195347e+02,2.324682564713832084e-02
1.977000000000000000e+03,2.746438259878903523e+02,2.391054823591045111e-02
1.978000000000000000e+03,2.747721445294984619e+02,2.384519175333901439e-02
1.979000000000000000e+03,2.749004363803215938e+02,2.273338294791200226e-02
1.980000000000000000e+03,2.750287007504031180e+02,2.256677720257264930e-02
1.981000000000000000e+03,2.751569368704587646e+02,2.059195520171267293e-02
1.982000000000000000e+03,2.752851439918360938e+02,2.172799921060701925e-02
1.983000000000000000e+03,2.754133213870709938e+02,1.989444707601907558e-02
1.984000000000000000e+03,2.755414683498943305e+02,2.151229330881559293e-02
1.985000000000000000e+03,2.756695841953622335e+02,2.182027949905264788e-02
1.986000000000000000e+03,2.757976682599417586e+02,2.095027589763337819e-02
1.987000000000000000e+03,2.759257199001672802e+02,1.980973027663185393e-02
1.988000000000000000e+03,2.760537384963951695e+02,1.927411245059486647e-02
1.989000000000000000e+03,2.761817234501776284e+02,2.023275225785049411e-02
1.990000000000000000e+03,2.763096741851585421e+02,1.746392200382349338e-02
1.991000000000000000e+03,2.764375901460965679e+02,1.813401488396020403e-02
1.992000000000000000e+03,2.765654707986889775e+02,1.670406877924175693e-02
1.993000000000000000e+03,2.766933156337703394e+02,1.738765190300396724e-02
1.994000000000000000e+03,2.768211241635025885e+02,1.823290863570523404e-02
1.995000000000000000e+03,2.769488959226551401e+02,1.709812872544212367e-02
1.996000000000000000e+03,2.770766304653440102e+02,1.589726682395948068e-02
1.997000000000000000e+03,2.772043273698953385e+02,1.566134749028179687e-02
1.998000000000000000e+03,2.773319862388268007e+02,1.653889613497307870e-02
1.999000000000000000e+03,2.774596066963578664e+02,1.495222883164912600e-02
2.000000000000000000e+03,2.775871883895424048e+02,1.494438410188195059e-02
2.001000000000000000e+03,2.777147309812837079e+02,1.559373744518926901e-02
2.002000000000000000e+03,2.778422341651170768e+02,1.422981733363132273e-02
2.003000000000000000e+03,2.779696976546574660e+02,1.394329114685116319e-02
2.004000000000000000e+03,2.780971211860606331e+02,1.459339116611670269e-02
2.005000000000000000e+03,2.782245045164724502e+02,1.227369693206155701e-02
2.006000000000000000e+03,2.783518474204495874e+02,1.404277252407560607e-02
2.007000000000000000e+03,2.784791497027304104e+02,1.350780454301590827e-02
2.008000000000000000e+03,2.786064111872782973e+02,1.203002614551404101e-02
2.009000000000000000e+03,2.787336317202859846e+02,1.107120585220112800e-02
2.010000000000000000e+03,2.788608111655486823e+02,1.314377863421573381e-02
2.011000000000000000e+03,2.789879494085933516e+02,1.060090776817235701e-02
2.012000000000000000e+03,2.791150463613183206e+02,1.040347047007878986e-02
2.013000000000000000e+03,2.792421019547343235e+02,1.041551324444407386e-02
2.014000000000000000e+03,2.793691161412417046e+02,1.083836041058965950e-02
2.015000000000000000e+03,2.794960888860790078e+02,1.218492278773471334e-02
2.016000000000000000e+03,2.796230201828656163e+02,1.082240608123263663e-02
2.017000000000000000e+03,2.797499100449576872e+02,1.040758144694562022e-02
2.018000000000000000e+03,2.798767585050242701e+02,1.027891821578197536e-02
2.019000000000000000e+03,2.800035656147928194e+02,9.353342782005481804e-03
2.020000000000000000e+03,2.801303314373509465e+02,1.001134193895261357e-02
2.021000000000000000e+03,2.802570560661400236e+02,8.787350934012552392e-03
2.022000000000000000e+03,2.803837396094872361e+02,1.002510094770709542e-02
2.023000000000000000e+03,2.805103821944397282e+02,7.728409088968221999e-03
2.024000000000000000e+03,2.806369839629560374e+02,8.183202106974886078e-03
2.025000000000000000e+03,2.807635450721426196e+02,9.498268444723755033e-03
2.026000000000000000e+03,2.808900657035146082e+02,7.211113629024688138e-03
2.027000000000000000e+03,2.810165460527061896e+02,8.469102607761552076e-03
2.028000000000000000e+03,2.811429863321540097e+02,8.883743791095199266e-03
2.029000000000000000e+03,2.812693867646568151e+02,7.811017014973309879e-03
2.030000000000000000e+03,2.813957475925409426e+02,6.349347450788959089e-03
2.031000000000000000e+03,2.815220690751709753e+02,7.596254541292491932e-03
2.032000000000000000e+03,2.816483514853603651e+02,8.069261038487653484e-03
2.033000000000000000e+03,2.817745951104042206e+02,6.801764439969030032e-03
2.034000000000000000e+03,2.819008002440361338e+02,5.896472257914409272e-03
2.035000000000000000e+03,2.820269672026684020e+02,6.038830275846486517e-03
2.036000000000000000e+03,2.821530963124396294e+02,7.568750378120247743e-03
2.037000000000000000e+03,2.822791879120572389e+02,6.940687691822197691e-03
2.038000000000000000e+03,2.824052423509120331e+02,6.804013305258982403e-03
2.039000000000000000e+03,2.825312599868369716e+02,5.161486990028789704e-03
2.040000000000000000e+03,2.826572411939002336e+02,4.487132802402104409e-03
2.041000000000000000e+03,2.827831863546077216e+02,6.741921163064048921e-03
2.042000000000000000e+03,2.829090958615139471e+02,5.632279824512938411e-03
2.043000000000000000e+03,2.830349701146021175e+02,3.994581745020104289e-03
2.044000000000000000e+03,2.831608095232464848e+02,4.029323880806235693e-03
2.045000000000000000e+03,2.832866145069655772e+02,3.460635768921060604e-03
2.046000000000000000e+03,2.834123854923107615e+02,4.764967712674661633e-03
2.047000000000000000e+03,2.835381229133043348e+02,4.601065163450173204e-03
2.048000000000000000e+03,2.836638272092402531e+02,4.517365457854904780e-03
2.049000000000000000e+03,2.837894988275497212e+02,4.382690577061957096e-03
2.050000000000000000e+03,2.839151382212293129e+02,3.602002026405271180e-03
2.051000000000000000e+03,2.840407458485632901e+02,4.704797771110174123e-03
2.052000000000000000e+03,2.841663221727909558e+02,4.995693022255706661e-03
2.053000000000000000e+03,2.842918676617430265e+02,2.426775418548694774e-03
2.054000000000000000e+03,2.844173827870038735e+02,3.525425470155597613e-03
2.055000000000000000e+03,2.845428680237084791e+02,4.215357302072664063e-03
2.056000000000000000e+03,2.846683238499782647e+02,2.853533281891313354e-03
2.057000000000000000e+03,2.847937507473333199e+02,2.667547568842283320e-03
2.058000000000000000e+03,2.849191491997835328e+02,3.240311845549661163e-03
2.059000000000000000e+03,2.850445196916151076e+02,2.883395780536874252e-03
2.060000000000000000e+03,2.851698627089353977e+02,3.759126121874903186e-03
2.061000000000000000e+03,2.852951787385831608e+02,3.243262875944218863e-03
2.062000000000000000e+03,2.854204682706009066e+02,3.213320324486030905e-03
2.063000000000000000e+03,2.855457317928571115e+02,2.470920773661366455e-03
2.064000000000000000e+03,2.856709697924364946e+02,1.568639016328320568e-03
2.065000000000000000e+03,2.857961827561355790e+02,2.205365107392651992e-03
2.066000000000000000e+03,2.859213711697228177e+02,2.124319459824680449e-03
2.067000000000000000e+03,2.860465355224230279e+02,1.517234339760631856e-03
2.068000000000000000e+03,2.861716762952789281e+02,1.803775295777426072e-03
2.069000000000000000e+03,2.862967939693630797e+02,3.014174241482375435e-03
2.070000000000000000e+03,2.864218890231204000e+02,1.796202219589823536e-03
2.071000000000000000e+03,2.865469619338749681e+02,1.851337639421066867e-03
2.072000000000000000e+03,2.866720131785826879e+02,6.075805872991413194e-04
2.073000000000000000e+03,2.867970432254007278e+02,2.338577892902300379e-03
2.074000000000000000e+03,2.869220525408932758e+02,2.212088215315924887e-03
2.075000000000000000e+03,2.870470415875115009e+02,2.741357845067390019e-03
2.076000000000000000e+03,2.871720108275953862e+02,7.384886684761141247e-04
2.077000000000000000e+03,2.872969607173760664e+02,2.849323177672281795e-03
2.078000000000000000e+03,2.874218917059053524e+02,1.146909897202696461e-03
2.079000000000000000e+03,2.875468042387576588e+02,8.897220920003476785e-04
2.080000000000000000e+03,2.876716987562181771e+02,3.966996372057622535e-04
2.081000000000000000e+03,2.877965757004438387e+02,1.813386977599692768e-03
2.082000000000000000e+03,2.879214355000333398e+02,2.699512775407202254e-03
2.083000000000000000e+03,2.880462785801798873e+02,1.715195537634601206e-03
2.084000000000000000e+03,2.881711053604576591e+02,-1.185696694707770015e-04
2.085000000000000000e+03,2.882959162556969090e+02,4.801910883450357520e-04
2.086000000000000000e+03,2.884207116796622472e+02,1.824535782275808109e-03
2.087000000000000000e+03,2.885454920323506940e+02,9.306521802848852394e-05
2.088000000000000000e+03,2.886702577102828968e+02,1.009586320870200669e-03
2.089000000000000000e+03,2.887950091034426237e+02,5.177383966066148547e-04
2.090000000000000000e+03,2.889197465985282065e+02,-3.413788820623635083e-04
2.091000000000000000e+03,2.890444705761668729e+02,1.426266403491710565e-03
2.092000000000000000e+03,2.891691814061670129e+02,8.423170745636448424e-04
2.093000000000000000e+03,2.892938794535494367e+02,1.014740500354025660e-03
2.094000000000000000e+03,2.894185650764337083e+02,7.910007119317241132e-04
2.095000000000000000e+03,2.895432386315179087e+02,-3.659750680073265957e-04
2.096000000000000000e+03,2.896679004639191248e+02,4.690503791002447842e-04
2.097000000000000000e+03,2.897925509119592107e+02,1.956482495062748447e-03
2.098000000000000000e+03,2.899171903078223522e+02,8.102476987791909198e-04
2.099000000000000000e+03,2.900418189771940547e+02,1.944884082394729950e-03
2.100000000000000000e+03,2.901664372442351691e+02,2.248604829890617348e-04
2.101000000000000000e+03,2.902910454192077623e+02,8.848098521182996053e-04
2.102000000000000000e+03,2.904156438080706835e+02,8.951720368771427924e-04
2.103000000000000000e+03,2.905402327098803426e+02,1.857710605362947317e-03
2.104000000000000000e+03,2.906648124185950337e+02,5.327736221459218602e-04
2.105000000000000000e+03,2.907893832232388718e+02,1.327365641755534945e-04
2.106000000000000000e+03,2.909139454019879167e+02,4.451982376121037146e-04
2.107000000000000000e+03,2.910384992280507390e+02,4.914949519682440147e-04
2.108000000000000000e+03,2.911630449679317962e+02,-8.042621708116578193e-04
2.109000000000000000e+03,2.912875828844496482e+02,-3.595025073982569160e-04
2.110000000000000000e+03,2.914121132323245433e+02,8.745525490916209246e-05
2.111000000000000000e+03,2.915366362586957507e+02,1.209603867817779944e-03
2.112000000000000000e+03,2.916611522051549628e+02,-8.347986295086167689e-04
2.113000000000000000e+03,2.917856613069201330e+02,1.663670024965831283e-04
2.114000000000000000e+03,2.919101637967585248e+02,1.673851083423939052e-03
2.115000000000000000e+03,2.920346598967984164e+02,-3.676441276562273644e-04
2.116000000000000000e+03,2.921591498246705783e+02,-8.689551308157833671e-04
2.117000000000000000e+03,2.922836337920327878e+02,-3.703212910959562121e-06
2.118000000000000000e+03,2.924081120052424012e+02,1.678871731776773691e-03
2.119000000000000000e+03,2.925325846665147083e+02,1.457730337697446575e-03
2.120000000000000000e+03,2.926570519697302188e+02,5.272252289567785390e-04
2.121000000000000000e+03,2.927815141042054279e+02,1.230296027968448168e-03
2.122000000000000000e+03,2.929059712537327869e+02,6.205233875255563442e-04
2.123000000000000000e+03,2.930304235977138205e+02,7.922798902992292044e-04
2.124000000000000000e+03,2.931548713101745420e+02,-7.895813121248752907e-05
2.125000000000000000e+03,2.932793145589596975e+02,8.773967234353920088e-04
2.126000000000000000e+03,2.934037535073219374e+02,-1.077702971485608799e-03
2.127000000000000000e+03,2.935281883134977079e+02,1.329808836182070665e-03
2.128000000000000000e+03,2.936526191319993586e+02,1.557384975806317675e-03
2.129000000000000000e+03,2.937770461114188265e+02,3.899465448687032803e-04
2.130000000000000000e+03,2.939014693958329190e+02,1.008575757539650853e-03
2.131000000000000000e+03,2.940258891248579403e+02,1.146533856328964263e-03
2.132000000000000000e+03,2.941503054337217122e+02,1.020737797135007601e-03
2.133000000000000000e+03,2.942747184539339855e+02,2.880352651651692979e-04
2.134000000000000000e+03,2.943991283118576234e+02,-5.075996684643689985e-04
2.135000000000000000e+03,2.945235351300277671e+02,5.491210836298395610e-04
2.136000000000000000e+03,2.946479390269230976e+02,-3.017942874820230274e-04
2.137000000000000000e+03,2.947723401171901969e+02,-5.108434427562012509e-04
2.138000000000000000e+03,2.948967385117064168e+02,-1.257918072757670562e-03
2.139000000000000000e+03,2.950211343173761520e+02,-4.554613953867890598e-04
2.140000000000000000e+03,2.951455276375586436e+02,-9.832144418589427136e-04
2.141000000000000000e+03,2.952699185720686046e+02,2.472704844100539622e-04
2.142000000000000000e+03,2.953943072171700237e+02,1.103683274986517115e-03
2.143000000000000000e+03,2.955186936658431023e+02,-9.050573992419949513e-04
2.144000000000000000e+03,2.956430780078332532e+02,-7.256399108148321481e-05
2.145000000000000000e+03,2.957674603297035105e+02,-1.013189264261116738e-03
2.146000000000000000e+03,2.958918407149402583e+02,9.718985547647817583e-04
2.147000000000000000e+03,2.960162192435212773e+02,1.375556411170021642e-03
2.148000000000000000e+03,2.961405959931802272e+02,-6.668531298713695384e-04
2.149000000000000000e+03,2.962649710386131687e+02,-9.848408395868363165e-04
2.150000000000000000e+03,2.963893444518028559e+02,-6.838276892998327314e-04
2.151000000000000000e+03,2.965137163019048216e+02,-7.353040599546649229e-04
2.152000000000000000e+03,2.966380866551400004e+02,-8.782967360791950004e-05
2.153000000000000000e+03,2.967624555759240366e+02,-7.851686141170593309e-04
2.154000000000000000e+03,2.968868231260103698e+02,6.775825319136928116e-04
2.155000000000000000e+03,2.970111893648460750e+02,-9.656089044081839386e-04
2.156000000000000000e+03,2.971355543491486060e+02,3.372697742243937016e-04
2.157000000000000000e+03,2.972599181336007632e+02,1.112877369075275947e-03
2.158000000000000000e+03,2.973842807711408227e+02,8.298929497265915755e-04
2.159000000000000000e+03,2.975086423124850512e+02,-8.587494507551245377e-04
2.160000000000000000e+03,2.976330028064101043e+02,-1.368584020481239426e-04
2.161000000000000000e+03,2.977573622989111755e+02,-7.890914921518582320e-04
2.162000000000000000e+03,2.978817208351075578e+02,1.258318335003836977e-03
2.163000000000000000e+03,2.980060784581322082e+02,6.552502558210679319e-05
2.164000000000000000e+03,2.981304352093728767e+02,5.003534798124346147e-04
2.165000000000000000e+03,2.982547911284364659e+02,5.904660282673959053e-04
2.166000000000000000e+03,2.983791462526179998e+02,-7.485773334993680401e-04
2.167000000000000000e+03,2.985035006187446811e+02,6.652589546307454988e-04
2.168000000000000000e+03,2.986278542617805556e+02,3.057490501375337353e-07
2.169000000000000000e+03,2.987522072152910368e+02,-7.268546819001766007e-04
2.170000000000000000e+03,2.988765595110575077e+02,2.510155625542496516e-04
2.171000000000000000e+03,2.990009111794113323e+02,-8.323916296825862714e-04
2.172000000000000000e+03,2.991252622500545613e+02,1.039163175522777585e-03
2.173000000000000000e+03,2.992496127511928421e+02,-7.914796249686278365e-04
2.174000000000000000e+03,2.993739627098835854e+02,-1.303299428636515338e-03
2.175000000000000000e+03,2.994983121513183733e+02,-1.131875097592569674e-04
2.176000000000000000e+03,2.996226611002173286e+02,5.212151751822487016e-04
2.177000000000000000e+03,2.997470095803185473e+02,1.162131540032478239e-04
2.178000000000000000e+03,2.998713576142424131e+02,1.849887538298858542e-04
2.179000000000000000e+03,2.999957052236166533e+02,8.141448517417680881e-04
2.180000000000000000e+03,3.001200524282969582e+02,-4.076661557459399041e-04
2.181000000000000000e+03,3.002443992483582633e+02,-1.193967034120169135e-03
2.182000000000000000e+03,3.003687457026373409e+02,8.987543585890408202e-04
2.183000000000000000e+03,3.004930918091740182e+02,7.579319438699883438e-04
2.184000000000000000e+03,3.006174375849796547e+02,-2.617455051310255175e-04
2.185000000000000000e+03,3.007417830459736479e+02,-3.928381872350201402e-04
2.186000000000000000e+03,3.008661282080726096e+02,-9.838341929511143415e-04
2.187000000000000000e+03,3.009904730862240285e+02,1.095384900057739955e-03
2.188000000000000000e+03,3.011148176947367006e+02,-7.978218267266108795e-04
2.189000000000000000e+03,3.012391620468117708e+02,-1.008871228262314592e-03
2.190000000000000000e+03,3.013635061552740240e+02,1.364792176234999556e-03
2.191000000000000000e+03,3.014878500326245785e+02,-9.390711138348244690e-04
2.192000000000000000e+03,3.016121936906605470e+02,8.099971956888762535e-04
2.193000000000000000e+03,3.017365371406710892e+02,-5.820429379041414586e-04
2.194000000000000000e+03,3.018608803927349413e+02,6.354227338645561081e-04
2.195000000000000000e+03,3.019852234572708767e+02,-7.311519423071709657e-04
2.196000000000000000e+03,3.021095663439885470e+02,9.376475772748996520e-04
2.197000000000000000e+03,3.022339090621500191e+02,8.207164561783035538e-04
2.198000000000000000e+03,3.023582516204037347e+02,4.575365797286434322e-04
2.199000000000000000e+03,3.024825940263203279e+02,-6.227371743371861237e-04
2.200000000000000000e+03,3.026069362880882636e+02,8.040008603024903521e-05
2.201000000000000000e+03,3.027312784131116246e+02,7.471356883221433234e-04
2.202000000000000000e+03,3.028556204084229648e+02,1.237899517966683637e-03
2.203000000000000000e+03,3.029799622807041715e+02,-1.590607742347290206e-04
2.204000000000000000e+03,3.031043040363084629e+02,-8.072259501509859497e-04
2.205000000000000000e+03,3.032286456812825008e+02,-1.476665526534411230e-04
2.206000000000000000e+03,3.033529872213870249e+02,1.178681928704638365e-03
2.207000000000000000e+03,3.034773286621194757e+02,3.818474310453225822e-04
2.208000000000000000e+03,3.036016700093536542e+02,8.839536082125433025e-04
2.209000000000000000e+03,3.037260112680024804e+02,7.802354857409610168e-04
2.210000000000000000e+03,3.038503524429293634e+02,3.867733283651417502e-04
2.211000000000000000e+03,3.039746935389273972e+02,8.487467979784551727e-04
2.212000000000000000e+03,3.040990345606537630e+02,-2.500473592483762049e-04
2.213000000000000000e+03,3.042233755126521260e+02,1.477398072173544857e-04
2.214000000000000000e+03,3.043477163993754289e+02,5.731892530887746457e-04
2.215000000000000000e+03,3.044720572252085162e+02,3.111022873300124344e-04
2.216000000000000000e+03,3.045963979944916105e+02,1.181281288787708545e-03
2.217000000000000000e+03,3.047207387069398123e+02,-8.250169533410512063e-04
2.218000000000000000e+03,3.048450793614354666e+02,3.142050685243423736e-05
2.219000000000000000e+03,3.049694199659033984e+02,6.662634305494408811e-04
2.220000000000000000e+03,3.050937605232579699e+02,5.392466585809734545e-04
2.221000000000000000e+03,3.052181010362995721e+02,1.196846508953556491e-03
2.222000000000000000e+03,3.053424415077268463e+02,8.412347435597344577e-04
2.223000000000000000e+03,3.054667819401500992e+02,1.816252206177805105e-04
2.224000000000000000e+03,3.055911223361037514e+02,-6.599794191065389611e-04
2.225000000000000000e+03,3.057154626980595822e+02,4.599399699861528973e-04
2.226000000000000000e+03,3.058398030283898947e+02,-6.584951257035551392e-04
2.227000000000000000e+03,3.059641433239884236e+02,8.603465668390091131e-05
2.228000000000000000e+03,3.060884835902382406e+02,3.152812818296773178e-04
2.229000000000000000e+03,3.062128238289344608e+02,3.631609447065023292e-04
2.230000000000000000e+03,3.063371640418091602e+02,8.003267767683300716e-04
2.231000000000000000e+03,3.064615042305410384e+02,1.149666094399744674e-03
2.232000000000000000e+03,3.065858443967644007e+02,-1.264375743996851847e-03
2.233000000000000000e+03,3.067101845420796167e+02,-1.094044637129471323e-03
2.234000000000000000e+03,3.068345246680618743e+02,4.458807067780342173e-04
2.235000000000000000e+03,3.069588647762717528e+02,8.808639274065057159e-04
2.236000000000000000e+03,3.070832048649315880e+02,2.720279082525074808e-04
2.237000000000000000e+03,3.072075449346391451e+02,-1.285846384614901933e-04
2.238000000000000000e+03,3.073318849882290351e+02,4.232499536889533834e-04
2.239000000000000000e+03,3.074562250266818069e+02,-7.335035211469470898e-05
2.240000000000000000e+03,3.075805650509436191e+02,-5.399326738432113932e-04
2.241000000000000000e+03,3.077049050619335162e+02,5.959823779537669168e-04
2.242000000000000000e+03,3.078292450605493400e+02,-7.908308315326191985e-04
2.243000000000000000e+03,3.079535850476743235e+02,-1.275015970563730299e-03
2.244000000000000000e+03,3.080779250241840259e+02,-1.298695230743191799e-03
2.245000000000000000e+03,3.082022649904344576e+02,-4.859090946748571052e-05
2.246000000000000000e+03,3.083266049446816055e+02,9.064965246516576381e-04
2.247000000000000000e+03,3.084509448893912804e+02,-2.373253825999370383e-04
2.248000000000000000e+03,3.085752848251420346e+02,-6.368669152047356022e-04
2.249000000000000000e+03,3.086996247524999717e+02,-7.102799409531382899e-04
2.250000000000000000e+03,3.088239646720238056e+02,1.131122618742290940e-03
2.251000000000000000e+03,3.089483045842691240e+02,-2.121848612026914897e-04
2.252000000000000000e+03,3.090726444897937313e+02,1.867920268506740515e-04
2.253000000000000000e+03,3.091969843891620258e+02,1.211637068911323046e-03
2.254000000000000000e+03,3.093213242829496608e+02,-1.499748011634095780e-04
2.255000000000000000e+03,3.094456641696372685e+02,-4.750062627189666296e-04
2.256000000000000000e+03,3.095700040502066486e+02,7.280667527318984374e-05
2.257000000000000000e+03,3.096943439255485941e+02,-5.667374488508267237e-04
2.258000000000000000e+03,3.098186837960336675e+02,-6.342686262077551441e-04
2.259000000000000000e+03,3.099430236620352161e+02,-9.376841838775563454e-04
2.260000000000000000e+03,3.100673635239330110e+02,-1.135000156031773380e-03
2.261000000000000000e+03,3.101917033821163727e+02,4.352381542151815413e-04
2.262000000000000000e+03,3.103160432369872410e+02,-4.050887592799532367e-05
2.263000000000000000e+03,3.104403830889635856e+02,1.180259861619139525e-04
2.264000000000000000e+03,3.105647229375865663e+02,3.624128778955898949e-05
2.265000000000000000e+03,3.106890627817506356e+02,1.126491926150854439e-03
2.266000000000000000e+03,3.108134026230101767e+02,1.253938876855472794e-03
2.267000000000000000e+03,3.109377424615909149e+02,-5.504569822582830148e-04
2.268000000000000000e+03,3.110620822977188027e+02,3.532333014184071041e-04
2.269000000000000000e+03,3.111864221316220096e+02,-1.102772095667629544e-03
2.270000000000000000e+03,3.113107619635324568e+02,9.157068309801700548e-04
2.271000000000000000e+03,3.114351017936880339e+02,1.039946763577925858e-03
2.272000000000000000e+03,3.115594416223334520e+02,4.838310772824361977e-04
2.273000000000000000e+03,3.116837814497231989e+02,-6.509838391631972074e-04
2.274000000000000000e+03,3.118081212743493325e+02,-8.185905321944292670e-04
2.275000000000000000e+03,3.119324610973243921e+02,1.009380184335562699e-03
2.276000000000000000e+03,3.120568009188580163e+02,-5.042953218276228014e-04
2.277000000000000000e+03,3.121811407390569570e+02,5.062277876376308338e-04
2.278000000000000000e+03,3.123054805580246693e+02,1.322933453826263556e-03
2.279000000000000000e+03,3.124298203758611976e+02,4.037292483599098643e-04
2.280000000000000000e+03,3.125541601926649946e+02,-1.362930346520410067e-03
2.281000000000000000e+03,3.126785000085332058e+02,3.848347719585276140e-04
2.282000000000000000e+03,3.128028398235619534e+02,4.093565115733826024e-04
2.283000000000000000e+03,3.129271796375788313e+02,5.542126521907494302e-04
2.284000000000000000e+03,3.130515194505222780e+02,-9.650257749561497319e-05
2.285000000000000000e+03,3.131758592626391078e+02,-1.218506122435339406e-04
2.286000000000000000e+03,3.133001990739738289e+02,1.144549914745961400e-03
2.287000000000000000e+03,3.134245388845679372e+02,-8.159987425926368667e-04
2.288000000000000000e+03,3.135488786944601429e+02,-5.865429617221144983e-04
2.289000000000000000e+03,3.136732185036873375e+02,-1.097629922227225281e-03
2.290000000000000000e+03,3.137975583122847638e+02,8.093449315434522208e-04
2.291000000000000000e+03,3.139218981202865280e+02,-7.781004423251143554e-04
2.292000000000000000e+03,3.140462379277216201e+02,-2.354941200570761161e-04
2.293000000000000000e+03,3.141705777345791830e+02,-5.665692805138855060e-04
2.294000000000000000e+03,3.142949175409180498e+02,4.596374832356179608e-04
2.295000000000000000e+03,3.144192573467677789e+02,1.700028782444272047e-04
2.296000000000000000e+03,3.145435971521583838e+02,-6.367244807946903810e-04
2.297000000000000000e+03,3.146679369571210145e+02,1.213438983710074179e-03
2.298000000000000000e+03,3.147922767616881288e+02,-1.109024539938748563e-03
2.299000000000000000e+03,3.149166165658947421e+02,6.814982454232874865e-04
2.300000000000000000e+03,3.150409563697776889e+02,1.056623462619563992e-03
2.301000000000000000e+03,3.151652961733769871e+02,-5.355555540856701997e-04
2.302000000000000000e+03,3.152896359764405361e+02,5.172739411507331448e-04
2.303000000000000000e+03,3.154139757790144927e+02,3.478522255648384574e-04
2.304000000000000000e+03,3.155383155812148175e+02,-8.765223689256108940e-04
2.305000000000000000e+03,3.156626553830506623e+02,-1.332997526537092834e-03
2.306000000000000000e+03,3.157869951845314631e+02,-1.032484677639128150e-03
2.307000000000000000e+03,3.159113349856667128e+02,-1.217402502547468724e-03
2.308000000000000000e+03,3.160356747864663589e+02,3.920076537746401539e-04
2.309000000000000000e+03,3.161600145869410312e+02,-3.514013122697350186e-04
2.310000000000000000e+03,3.162843543871023826e+02,8.821298050555105878e-04
2.311000000000000000e+03,3.164086941869628617e+02,-3.965883495808782068e-04
2.312000000000000000e+03,3.165330339865365090e+02,1.089486067972503057e-04
2.313000000000000000e+03,3.166573737858386721e+02,-8.877137745569112746e-05
2.314000000000000000e+03,3.167817135848862335e+02,7.327977709185698506e-04
2.315000000000000000e+03,3.169060533836985201e+02,-7.374710944771778855e-04
2.316000000000000000e+03,3.170303931822966206e+02,1.836906411837898440e-04
2.317000000000000000e+03,3.171547329807038409e+02,-9.159163029427985769e-04
2.318000000000000000e+03,3.172790727789463290e+02,-9.629338907546977763e-04
2.319000000000000000e+03,3.174034125770527339e+02,-4.274957574092213457e-04
2.320000000000000000e+03,3.175277523750547175e+02,9.089691854424809554e-04
2.321000000000000000e+03,3.176520921734256717e+02,-9.107770067137409839e-04
2.322000000000000000e+03,3.177764319718664865e+02,4.958874158033677341e-04
2.323000000000000000e+03,3.179007717703345861e+02,-1.234836390541757143e-03
2.324000000000000000e+03,3.180251115688568007e+02,3.618637961838042458e-06
2.325000000000000000e+03,3.181494513674601876e+02,1.299379551209496261e-03
2.326000000000000000e+03,3.182737911661721455e+02,6.719522110594517827e-04
2.327000000000000000e+03,3.183981309650205844e+02,3.498602072859640700e-04
2.328000000000000000e+03,3.185224707640340398e+02,-1.621499047117708539e-04
2.329000000000000000e+03,3.186468105632413881e+02,1.072696304458317217e-03
2.330000000000000000e+03,3.187711503626720173e+02,-5.376324962907037559e-04
2.331000000000000000e+03,3.188954901623556566e+02,-1.174516211947384951e-04
2.332000000000000000e+03,3.190198299623226035e+02,-6.524197131330788501e-04
2.333000000000000000e+03,3.191441697626037239e+02,-1.281814858352529505e-03
2.334000000000000000e+03,3.192685095632300545e+02,6.493973766642369269e-04
2.335000000000000000e+03,3.193928493642334843e+02,7.050009027309441477e-04
2.336000000000000000e+03,3.195171891656458456e+02,6.464593054776458358e-04
2.337000000000000000e+03,3.196415289674999940e+02,-7.020158054765510787e-04
2.338000000000000000e+03,3.197658687698288418e+02,8.501959023902396677e-04
2.339000000000000000e+03,3.198902085725634379e+02,-2.709075121886585376e-04
2.340000000000000000e+03,3.200145483721888127e+02,-5.258292269646521605e-04
2.341000000000000000e+03,3.201388881717780919e+02,5.546164037068304067e-04
2.342000000000000000e+03,3.202632279713297976e+02,8.589223098209886617e-04
2.343000000000000000e+03,3.203875677708424519e+02,4.764356176440257560e-04
2.344000000000000000e+03,3.205119075703146905e+02,-1.528808514135239255e-04
2.345000000000000000e+03,3.206362473697449786e+02,-1.313893726820009782e-03
2.346000000000000000e+03,3.207605871691318384e+02,8.141676342776277883e-04
2.347000000000000000e+03,3.208849269684738488e+02,-1.729228149219984756e-04
2.348000000000000000e+03,3.210092667677695317e+02,-2.496181238294044747e-04
2.349000000000000000e+03,3.211336065670174662e+02,-7.812932473155797608e-04
2.350000000000000000e+03,3.212579463662161174e+02,-1.730086984772314241e-04
2.351000000000000000e+03,3.213822861653641212e+02,-1.291596849981897256e-03
2.352000000000000000e+03,3.215066259644599427e+02,1.323826569515031007e-03
2.353000000000000000e+03,3.216309657635021040e+02,-2.748103622941051028e-05
2.354000000000000000e+03,3.217553055624891840e+02,-1.097751847481612340e-03
2.355000000000000000e+03,3.218796453614198185e+02,-8.359471360661600457e-05
2.356000000000000000e+03,3.220039851602923591e+02,-5.700849666524347454e-04
2.357000000000000000e+03,3.221283249591054982e+02,7.757554568583764762e-04
2.358000000000000000e+03,3.222526647578576444e+02,-1.205612570733885096e-04
2.359000000000000000e+03,3.223770045565475471e+02,1.209247859742303491e-03
2.360000000000000000e+03,3.225013443551735577e+02,-5.243298914093449123e-04
2.361000000000000000e+03,3.226256841537341984e+02,8.490056946878728802e-05
2.362000000000000000e+03,3.227500239522281049e+02,-9.913643264726297501e-04
2.363000000000000000e+03,3.228743637506538562e+02,2.581300100758494669e-04
2.364000000000000000e+03,3.229987035490099174e+02,6.688587042189597697e-04
2.365000000000000000e+03,3.231230433472948675e+02,1.166187397955843362e-03
2.366000000000000000e+03,3.232473831455071718e+02,-4.999865870611789730e-04
2.367000000000000000e+03,3.233717229436454659e+02,-7.086379397838723842e-04
2.368000000000000000e+03,3.234960627417082151e+02,-1.474022286732633889e-05
2.369000000000000000e+03,3.236204025396939983e+02,1.349931621529653659e-03
2.370000000000000000e+03,3.237447423376013376e+02,1.282593243082179660e-03
2.371000000000000000e+03,3.238690821354287550e+02,8.356325766551484348e-04
2.372000000000000000e+03,3.239934219331748864e+02,4.631319236717464782e-05
2.373000000000000000e+03,3.241177617308381400e+02,-1.220205609064330251e-03
2.374000000000000000e+03,3.242421015284172086e+02,-1.213046259219177983e-03
2.375000000000000000e+03,3.243664413259104435e+02,-6.248700814820082328e-04
2.376000000000000000e+03,3.244907811233165376e+02,-2.673434984582450757e-04
2.377000000000000000e+03,3.246151209212905542e+02,-8.886507657114363660e-04
2.378000000000000000e+03,3.247394607203728469e+02,-2.639321604463388117e-04
2.379000000000000000e+03,3.248638005194771949e+02,4.265814586590046436e-04
2.380000000000000000e+03,3.249881403186036550e+02,-7.059472420924701574e-04
2.381000000000000000e+03,3.251124801177522272e+02,-9.953694477716728932e-04
2.382000000000000000e+03,3.252368199169228546e+02,-1.306265534823670190e-03
2.383000000000000000e+03,3.253611597161155373e+02,3.026323040018044684e-04
2.384000000000000000e+03,3.254854995153302752e+02,7.353953703224615137e-04
2.385000000000000000e+03,3.256098393145671253e+02,3.797959855149629768e-04
2.386000000000000000e+03,3.257341791138260305e+02,1.313700343543635219e-04
2.387000000000000000e+03,3.258585189131070479e+02,-1.113366715565676773e-03
2.388000000000000000e+03,3.259828587124100636e+02,2.399102996860246926e-04
2.389000000000000000e+03,3.261071985117352483e+02,1.023052214803723192e-03
2.390000000000000000e+03,3.262315383110824882e+02,-1.185639042516155360e-03
2.391000000000000000e+03,3.263558781104517834e+02,3.835243455549032640e-04
2.392000000000000000e+03,3.264802179098431338e+02,6.224011065152853812e-04
2.393000000000000000e+03,3.266045577092565964e+02,-3.185369838538590196e-04
2.394000000000000000e+03,3.267288975086921141e+02,1.116663329836722549e-03
2.395000000000000000e+03,3.268532373081497440e+02,-1.809805145364424162e-04
2.396000000000000000e+03,3.269775771076293722e+02,-1.055840693997983377e-03
2.397000000000000000e+03,3.271019169071311126e+02,-5.525113672784546072e-04
2.398000000000000000e+03,3.272262567066549650e+02,-3.171976579598200559e-04
2.399000000000000000e+03,3.273505965062008727e+02,4.968820166512158106e-04
2.400000000000000000e+03,3.274749363057688925e+02,-1.453118613912156179e-04
2.401000000000000000e+03,3.275992761053589106e+02,1.290204074605409180e-03
2.402000000000000000e+03,3.277236159049710409e+02,-5.331007797377068039e-04
2.403000000000000000e+03,3.278479557046052832e+02,-1.273118581787214924e-03
2.404000000000000000e+03,3.279722955042615808e+02,-1.071555727282231694e-03
2.405000000000000000e+03,3.280966353039398768e+02,7.635395335831317081e-04
2.406000000000000000e+03,3.282209751036403418e+02,1.050903475903684683e-03
2.407000000000000000e+03,3.283453149033628620e+02,1.988539555910543669e-04
2.408000000000000000e+03,3.284696547031074942e+02,-1.104083078305412129e-03
2.409000000000000000e+03,3.285939945028741249e+02,1.168326479686233790e-03
2.410000000000000000e+03,3.287183343026628677e+02,1.955764104551697296e-04
2.411000000000000000e+03,3.288426741024737225e+02,6.071141622469398026e-04
2.412000000000000000e+03,3.289670139023066326e+02,-1.027098304492070173e-03
2.413000000000000000e+03,3.290913537021615980e+02,1.073503731806934019e-03
2.414000000000000000e+03,3.292156935020386186e+02,-1.285196152758685210e-03
2.415000000000000000e+03,3.293400333019377513e+02,-7.282201837992293260e-04
2.416000000000000000e+03,3.294643731018589392e+02,1.381855295698694889e-03
2.417000000000000000e+03,3.295887129018022392e+02,-1.455269071972074271e-04
2.418000000000000000e+03,3.297130527017675945e+02,-1.338805650026339599e-03
2.419000000000000000e+03,3.298373925017550050e+02,-7.803918665706786753e-04
2.420000000000000000e+03,3.299617323017645276e+02,9.588087938483905734e-04
2.421000000000000000e+03,3.300860721017961055e+02,9.314057532012358148e-04
2.422000000000000000e+03,3.302104119018497386e+02,6.276661448408193825e-04
2.423000000000000000e+03,3.303347517019254838e+02,5.374513143151060483e-04
2.424000000000000000e+03,3.304590915020233410e+02,-1.072890997309298766e-05
2.425000000000000000e+03,3.305834313021432536e+02,6.604645265205296876e-04
2.426000000000000000e+03,3.307077711022852213e+02,-1.089881117154942034e-04
2.427000000000000000e+03,3.308321109024491875e+02,-8.010576269745756485e-04
2.428000000000000000e+03,3.309564507026353226e+02,-2.518944469269982964e-04
2.429000000000000000e+03,3.310807905028435130e+02,9.683966959555948602e-04
2.430000000000000000e+03,3.312051303030738154e+02,2.456543421720840931e-05
2.431000000000000000e+03,3.313294701033261163e+02,-3.255727719471624348e-04
2.432000000000000000e+03,3.314538099036005860e+02,-5.872909998949826446e-04
2.433000000000000000e+03,3.315781497038970542e+02,8.175890274243492175e-05
2.434000000000000000e+03,3.317024895042156913e+02,-7.918683816166961851e-04
2.435000000000000000e+03,3.318268293045562700e+02,1.348884618930836984e-03
2.436000000000000000e+03,3.319511691049190176e+02,9.401393856665610704e-04
2.437000000000000000e+03,3.320755089053038205e+02,8.680901253826228681e-04
2.438000000000000000e+03,3.321998487057107354e+02,6.015918741385248639e-04
2.439000000000000000e+03,3.323241885061396488e+02,-1.264613280643413174e-03
2.440000000000000000e+03,3.324485283065906742e+02,4.122625909389509755e-04
2.441000000000000000e+03,3.325728681070638117e+02,-5.282106111168906933e-04
2.442000000000000000e+03,3.326972079075590045e+02,-1.395662947434314421e-04
2.443000000000000000e+03,3.328215477080762525e+02,-5.545253174202299058e-04
2.444000000000000000e+03,3.329458875086155558e+02,2.072021036680975160e-04
2.445000000000000000e+03,3.330702273091770280e+02,-1.165938793450048330e-03
2.446000000000000000e+03,3.331945671097604986e+02,-5.621867611741476929e-04
2.447000000000000000e+03,3.333189069103660813e+02,4.669313909931252114e-04
2.448000000000000000e+03,3.334432467109936624e+02,-1.096047953738167602e-03
2.449000000000000000e+03,3.335675865116434125e+02,-1.070359720815267177e-03
2.450000000000000000e+03,3.336919263123152177e+02,2.475318081776340805e-04
2.451000000000000000e+03,3.338162661130091351e+02,-9.986922913072994890e-04
2.452000000000000000e+03,3.339406059136586009e+02,-4.166807396433048300e-04
2.453000000000000000e+03,3.340649457130142537e+02,-1.372342444205531652e-03
2.454000000000000000e+03,3.341892855123699064e+02,3.570922324482116010e-04
2.455000000000000000e+03,3.343136253117255592e+02,4.262655953830461948e-04
2.456000000000000000e+03,3.344379651110811551e+02,-1.220350639707010491e-03
2.457000000000000000e+03,3.345623049104368079e+02,1.771155015685940454e-04
2.458000000000000000e+03,3.346866447097924606e+02,6.688110186668635776e-04
2.459000000000000000e+03,3.348109845091481134e+02,1.765537532941251588e-04
2.460000000000000000e+03,3.349353243085037093e+02,6.872351220552530733e-04
2.461000000000000000e+03,3.350596641078593620e+02,3.798670901814131052e-04
2.462000000000000000e+03,3.351840039072150148e+02,-1.698742496976201179e-04
2.463000000000000000e+03,3.353083437065706676e+02,-8.258291079745233489e-04
2.464000000000000000e+03,3.354326835059263203e+02,-1.331766142853888727e-03
2.465000000000000000e+03,3.355570233052819162e+02,6.774194235998107867e-04
2.466000000000000000e+03,3.356813631046375690e+02,3.553494294406900149e-04
2.467000000000000000e+03,3.358057029039932218e+02,6.102511350914762225e-04
2.468000000000000000e+03,3.359300427033488745e+02,-7.521378771171538091e-04
2.469000000000000000e+03,3.360543825027045273e+02,-1.934464537119586598e-04
2.470000000000000000e+03,3.361787223020601232e+02,3.380475779035467510e-04
2.471000000000000000e+03,3.363030621014157759e+02,1.140453610653097138e-03
2.472000000000000000e+03,3.364274019007714287e+02,4.376805379020828717e-04
2.473000000000000000e+03,3.365517417001270815e+02,-2.708030168784454888e-04
2.474000000000000000e+03,3.366760814994827342e+02,1.363019245087219652e-03
2.475000000000000000e+03,3.368004212988383301e+02,3.307511203558392322e-04
2.476000000000000000e+03,3.369247610981939829e+02,4.232107909527220825e-04
2.477000000000000000e+03,3.370491008975496356e+02,-8.162972983228033172e-05
2.478000000000000000e+03,3.371734406969052884e+02,8.585825664948522080e-04
2.479000000000000000e+03,3.372977804962608843e+02,6.388230964549628920e-04
2.480000000000000000e+03,3.374221202956165371e+02,9.695842689034585337e-04
2.481000000000000000e+03,3.375464600949721898e+02,-9.553518701897882094e-05
2.482000000000000000e+03,3.376707998943278426e+02,-3.998424687074488546e-04
2.483000000000000000e+03,3.377951396936834954e+02,1.374205562323049757e-03
2.484000000000000000e+03,3.379194794930390913e+02,-1.027661769076627712e-03
2.485000000000000000e+03,3.380438192923947440e+02,2.536266065675522223e-04
2.486000000000000000e+03,3.381681590917503968e+02,-6.874899041558514296e-04
2.487000000000000000e+03,3.382924988911060495e+02,-9.447141461959362519e-04
2.488000000000000000e+03,3.384168386904617023e+02,1.673178933455068604e-04
2.489000000000000000e+03,3.385411784898172982e+02,-1.227499211281566412e-03
2.490000000000000000e+03,3.386655182891729510e+02,1.221665080994930848e-03
2.491000000000000000e+03,3.387898580885286037e+02,-4.427161502403698492e-04
2.492000000000000000e+03,3.389141978878842565e+02,2.288827918441553447e-04
2.493000000000000000e+03,3.390385376872399092e+02,9.581333039684594623e-04
2.494000000000000000e+03,3.391628774865955052e+02,1.110738860910543812e-03
2.495000000000000000e+03,3.392872172859511579e+02,-6.251371702714253248e-04
2.496000000000000000e+03,3.394115570853068107e+02,-8.908431665685780446e-04
2.497000000000000000e+03,3.395358968846624634e+02,3.484112994690272353e-04
2.498000000000000000e+03,3.396602366840180593e+02,-1.627395798686210714e-04
2.499000000000000000e+03,3.397845764833737121e+02,4.324116732612490557e-04
2.500000000000000000e+03,3.399089162827293649e+02,5.807764845527610582e-04
2.501000000000000000e+03,3.400332560820850176e+02,5.684601560498295410e-04
2.502000000000000000e+03,3.401575958814406704e+02,-1.113337034996909284e-03
2.503000000000000000e+03,3.402819356807962663e+02,5.468867592163865988e-04
2.504000000000000000e+03,3.404062754801519191e+02,1.349057344526140550e-03
2.505000000000000000e+03,3.405306152795075718e+02,1.159439274776033263e-03
2.506000000000000000e+03,3.406549550788632246e+02,-1.313024173182986056e-03
2.507000000000000000e+03,3.407792948782188773e+02,7.378116212563318611e-04
2.508000000000000000e+03,3.409036346775744732e+02,1.098112213352870356e-03
2.509000000000000000e+03,3.410279744769301260e+02,-1.195725572100407542e-03
2.510000000000000000e+03,3.411523142762857788e+02,1.001665912119624295e-03
2.511000000000000000e+03,3.412766540756414315e+02,-4.497594972004322891e-04
2.512000000000000000e+03,3.414009938749970843e+02,-5.434621697940487028e-04
2.513000000000000000e+03,3.415253336743526802e+02,-6.425643794145317845e-04
2.514000000000000000e+03,3.416496734737083329e+02,3.793879840322417229e-04
2.515000000000000000e+03,3.417740132730639857e+02,2.290310388168948581e-04
2.516000000000000000e+03,3.418983530724196385e+02,-1.444202437578850277e-04
2.517000000000000000e+03,3.420226928717752344e+02,-6.269212336166153209e-04
2.518000000000000000e+03,3.421470326711308871e+02,-1.243331325683357967e-03
2.519000000000000000e+03,3.422713724704865399e+02,-5.386058929400407537e-04
2.520000000000000000e+03,3.423957122698421927e+02,-1.018624801659633733e-03
2.521000000000000000e+03,3.425200520691978454e+02,-4.261822823875092568e-04
2.522000000000000000e+03,3.426443918685534413e+02,6.177450043695042721e-04
2.523000000000000000e+03,3.427687316679090941e+02,-7.481015189309290830e-04
2.524000000000000000e+03,3.428930714672647468e+02,4.077249744323789039e-04
2.525000000000000000e+03,3.430174112666203996e+02,9.326982408105909030e-04
2.526000000000000000e+03,3.431417510659760524e+02,-1.339564194066991112e-03
2.527000000000000000e+03,3.432660908653316483e+02,1.112041264484743596e-03
2.528000000000000000e+03,3.433904306646873010e+02,5.821465114486323259e-04
2.529000000000000000e+03,3.435147704640429538e+02,-6.875386610730307513e-04
2.530000000000000000e+03,3.436391102633986065e+02,1.346845513936941992e-03
2.531000000000000000e+03,3.437634500627542593e+02,9.344034939296460901e-04
2.532000000000000000e+03,3.438877898621098552e+02,1.253250756878739394e-03
2.533000000000000000e+03,3.440121296614655080e+02,-8.780796127977680211e-05
2.534000000000000000e+03,3.441364694608211607e+02,-6.899061444635545132e-05
2.535000000000000000e+03,3.442608092601768135e+02,-1.665026523544702335e-04
2.536000000000000000e+03,3.443851490595324094e+02,-2.028912044277518187e-04
2.537000000000000000e+03,3.445094888588880622e+02,-8.934203428168502326e-04
2.538000000000000000e+03,3.446338286582437149e+02,4.267427395730977787e-05
2.539000000000000000e+03,3.447581684575993677e+02,6.330049342320444262e-04
2.540000000000000000e+03,3.448825082569550204e+02,-7.447747947009469979e-04
2.541000000000000000e+03,3.450068480563106164e+02,-1.134356222867229222e-03
2.542000000000000000e+03,3.451311878556662691e+02,-9.285839611593503214e-04
2.543000000000000000e+03,3.452555276550219219e+02,1.837710918582999373e-04
2.544000000000000000e+03,3.453798674543775746e+02,5.866202447284208418e-04
2.545000000000000000e+03,3.455042072537332274e+02,1.380540506907224074e-03
2.546000000000000000e+03,3.456285470530888233e+02,1.343640981169510768e-03
2.547000000000000000e+03,3.457528868524444761e+02,7.635560152680609912e-04
2.548000000000000000e+03,3.458772266518001288e+02,9.049758305473798144e-04
2.549000000000000000e+03,3.460015664511557816e+02,-1.581235663202685160e-04
2.550000000000000000e+03,3.461259062505114343e+02,6.020781681928503038e-04
2.551000000000000000e+03,3.462502460498670303e+02,-3.971821400741713847e-04
2.552000000000000000e+03,3.463745858492226830e+02,8.910272225470595216e-04
2.553000000000000000e+03,3.464989256485783358e+02,-1.101591299710669766e-03
2.554000000000000000e+03,3.466232654479339885e+02,-6.154855984891098673e-04
2.555000000000000000e+03,3.467476052472895844e+02,4.307885404239379505e-05
2.556000000000000000e+03,3.468719450466452372e+02,8.220760504482552003e-04
2.557000000000000000e+03,3.469962848460008900e+02,-2.991723163460022379e-04
2.558000000000000000e+03,3.471206246453565427e+02,-1.117971443769623201e-03
2.559000000000000000e+03,3.472449644447121955e+02,-4.369007158364999338e-04
2.560000000000000000e+03,3.473693042440677914e+02,1.060867116349018587e-03
2.561000000000000000e+03,3.474936440434234441e+02,7.696767145026255303e-04
2.562000000000000000e+03,3.476179838427790969e+02,-4.866063342276107936e-05
2.563000000000000000e+03,3.477423236421347497e+02,6.312608804676473825e-04
2.564000000000000000e+03,3.478666634414904024e+02,1.009319083365349621e-03
2.565000000000000000e+03,3.479910032408459983e+02,3.704916564071225864e-04
2.566000000000000000e+03,3.481153430402016511e+02,9.044362085615487807e-04
2.567000000000000000e+03,3.482396828395573039e+02,-9.043135830785912826e-04
2.568000000000000000e+03,3.483640226389129566e+02,-1.180650248224228817e-03
2.569000000000000000e+03,3.484883624382686094e+02,1.002157437011408662e-03
2.570000000000000000e+03,3.486127022376242053e+02,6.109234826579825698e-04
2.571000000000000000e+03,3.487370420369798580e+02,9.514867309063188439e-04
2.572000000000000000e+03,3.488613818363355108e+02,-9.180934748279519480e-04
2.573000000000000000e+03,3.489857216356911636e+02,2.510104981500570361e-04
2.574000000000000000e+03,3.491100614350467595e+02,-3.020268174794483356e-04
2.575000000000000000e+03,3.492344012344024122e+02,-5.804939884490515180e-04
2.576000000000000000e+03,3.493587410337580650e+02,8.800713097267579780e-04
2.577000000000000000e+03,3.494830808331137177e+02,-1.180899974948921736e-03
2.578000000000000000e+03,3.496074206324693705e+02,1.148816788594172588e-03
2.579000000000000000e+03,3.497317604318249664e+02,-1.151149292551621565e-03
2.580000000000000000e+03,3.498561002311806192e+02,9.619766423742727186e-04
2.581000000000000000e+03,3.499804400305362719e+02,1.018006845502556759e-03
2.582000000000000000e+03,3.501047798298919247e+02,7.517862060175997370e-04
2.583000000000000000e+03,3.502291196292475774e+02,-6.101586464810641788e-04
2.584000000000000000e+03,3.503534594286031734e+02,-4.359328314260714769e-04
2.585000000000000000e+03,3.504777992279588261e+02,6.869497049562450297e-04
2.586000000000000000e+03,3.506021390273144789e+02,-6.042064116117935131e-04
2.587000000000000000e+03,3.507264788266701316e+02,-1.285454955584080074e-03
2.588000000000000000e+03,3.508508186260257844e+02,1.693916666788807663e-04
2.589000000000000000e+03,3.509751584253813803e+02,-1.181119459262941701e-03
2.590000000000000000e+03,3.510994982247370331e+02,7.765496562024635369e-04
2.591000000000000000e+03,3.512238380240926858e+02,4.843108654212628672e-04
2.592000000000000000e+03,3.513481778234483386e+02,-3.281415715128445918e-04
2.593000000000000000e+03,3.514725176228039345e+02,-1.271935044267627404e-03
2.594000000000000000e+03,3.515968574221595873e+02,-6.888409811740370085e-04
2.595000000000000000e+03,3.517211972215152400e+02,-9.752119935219164546e-04
2.596000000000000000e+03,3.518455370208708928e+02,-5.174910530669989519e-04
2.597000000000000000e+03,3.519698768202265455e+02,-7.152795310380039148e-04
2.598000000000000000e+03,3.520942166195821414e+02,1.381216360204842513e-03
2.599000000000000000e+03,3.522185564189377942e+02,-1.165694000696684352e-03
2.600000000000000000e+03,3.523428962182934470e+02,-7.665611551116952114e-04
2.601000000000000000e+03,3.524672360176490997e+02,3.914762690729476019e-04
2.602000000000000000e+03,3.525915758170047525e+02,-9.835428193872583578e-04
2.603000000000000000e+03,3.527159156163349394e+02,1.902149862097505205e-04
2.604000000000000000e+03,3.528402554156280075e+02,2.826754142175432675e-04
2.605000000000000000e+03,3.529645952149211325e+02,-1.251253528099805336e-03
2.606000000000000000e+03,3.530889350142142575e+02,-2.579807691573466396e-04
2.607000000000000000e+03,3.532132748135073825e+02,2.337446976698349661e-04
2.608000000000000000e+03,3.533376146128005075e+02,-6.443672800747226020e-04
2.609000000000000000e+03,3.534619544120935757e+02,-5.343802012029689888e-04
2.610000000000000000e+03,3.535862942113867007e+02,1.224766913522918948e-03
2.611000000000000000e+03,3.537106340106798257e+02,-3.227166328611936986e-04
2.612000000000000000e+03,3.538349738099728938e+02,-3.572442300021851547e-04
2.613000000000000000e+03,3.539593136092660188e+02,7.428030594267844532e-04
2.614000000000000000e+03,3.540836534085591438e+02,8.186193891971823254e-04
2.615000000000000000e+03,3.542079932078522688e+02,1.009915177608694580e-03
2.616000000000000000e+03,3.543323330071453370e+02,1.186243219960347048e-03
2.617000000000000000e+03,3.544566728064384620e+02,-4.610621144031929581e-05
2.618000000000000000e+03,3.545810126057315870e+02,-7.943776276976439446e-04
2.619000000000000000e+03,3.547053524050246551e+02,4.868953936521171894e-04
2.620000000000000000e+03,3.548296922043177801e+02,-1.087428344904831133e-03
2.621000000000000000e+03,3.549540320036109051e+02,-8.963002619877636441e-05
2.622000000000000000e+03,3.550783718029040301e+02,-4.114473438845572839e-04
2.623000000000000000e+03,3.552027116021971551e+02,-1.328283560806627897e-03
2.624000000000000000e+03,3.553270514014902233e+02,8.439077801730590460e-04
2.625000000000000000e+03,3.554513912007833483e+02,2.440561520623484536e-04
2.626000000000000000e+03,3.555757310000764733e+02,4.853730887510119543e-04
2.627000000000000000e+03,3.557000707993695414e+02,7.782108081873026625e-04
2.628000000000000000e+03,3.558244105986626664e+02,-1.358781250477670600e-03
2.629000000000000000e+03,3.559487503979557914e+02,1.307933180536358705e-04
2.630000000000000000e+03,3.560730901972489164e+02,-1.282272779457223691e-03
2.631000000000000000e+03,3.561974299965419846e+02,-6.386397913291318694e-04
2.632000000000000000e+03,3.563217697958351096e+02,-7.448242334998606646e-04
2.633000000000000000e+03,3.564461095951282346e+02,9.330183452467135730e-04
2.634000000000000000e+03,3.565704493944213596e+02,6.095949855858479385e-04
2.635000000000000000e+03,3.566947891937144277e+02,1.170146663967797790e-03
2.636000000000000000e+03,3.568191289930075527e+02,-1.148682398077685660e-03
2.637000000000000000e+03,3.569434687923006777e+02,5.710565636073738948e-04
2.638000000000000000e+03,3.570678085915938027e+02,-5.508983597724926911e-04
2.639000000000000000e+03,3.571921483908868709e+02,-6.950070673969992044e-04
2.640000000000000000e+03,3.573164881901799959e+02,7.695764846113723313e-05
2.641000000000000000e+03,3.574408279894731209e+02,-4.763752641322407835e-04
2.642000000000000000e+03,3.575651677887661890e+02,1.155013887670635437e-03
2.643000000000000000e+03,3.576895075880593140e+02,2.254013305691083202e-04
2.644000000000000000e+03,3.578138473873524390e+02,1.195794340679356060e-03
2.645000000000000000e+03,3.579381871866455640e+02,1.018412282761273387e-03
2.646000000000000000e+03,3.580625269859386322e+02,-1.114478760719731475e-03
2.647000000000000000e+03,3.581868667852317571e+02,8.678209841843221423e-05
2.648000000000000000e+03,3.583112065845248821e+02,7.969483817050658980e-04
2.649000000000000000e+03,3.584355463838180071e+02,-1.094513891641599396e-03
2.650000000000000000e+03,3.585598861831110753e+02,3.921598638828791830e-04
2.651000000000000000e+03,3.586842259824042003e+02,-8.114546110216888392e-04
2.652000000000000000e+03,3.588085657816973253e+02,-1.809374166379077874e-04
2.653000000000000000e+03,3.589329055809904503e+02,8.987411785787418478e-04
2.654000000000000000e+03,3.590572453802835184e+02,-2.555207976200814940e-04
2.655000000000000000e+03,3.591815851795766434e+02,1.188848611236883969e-03
2.656000000000000000e+03,3.593059249788697684e+02,-1.997755780471854392e-04
2.657000000000000000e+03,3.594302647781628934e+02,-7.253138946040719190e-04
2.658000000000000000e+03,3.595546045774559616e+02,-1.137287702960192723e-03
2.659000000000000000e+03,3.596789443767490866e+02,-1.063200101303604216e-03
2.660000000000000000e+03,3.598032841760422116e+02,-6.130543729496252051e-04
2.661000000000000000e+03,3.599276239753353366e+02,-6.639399218495484114e-04
2.662000000000000000e+03,3.600519637746284047e+02,1.176143202555716494e-03
2.663000000000000000e+03,3.601763035739215297e+02,2.756068824819368811e-04
2.664000000000000000e+03,3.603006433732146547e+02,-7.598067952951288208e-04
2.665000000000000000e+03,3.604249831725077229e+02,3.662266821953168790e-04
2.666000000000000000e+03,3.605493229718008479e+02,-7.912965555544189096e-04
2.667000000000000000e+03,3.606736627710939729e+02,4.510651102975072035e-05
2.668000000000000000e+03,3.607980025703870979e+02,1.125746798343541617e-03
2.669000000000000000e+03,3.609223423696801660e+02,3.400720777181344786e-05
2.670000000000000000e+03,3.610466821689732910e+02,-6.061473375113057100e-04
2.671000000000000000e+03,3.611710219682664160e+02,-6.300900732099329413e-04
2.672000000000000000e+03,3.612953617675595410e+02,1.282391670103337532e-03
2.673000000000000000e+03,3.614197015668526092e+02,-1.325437680067774937e-03
2.674000000000000000e+03,3.615440413661457342e+02,-9.296490598663541185e-04
2.675000000000000000e+03,3.616683811654388592e+02,-4.290699395440231156e-04
2.676000000000000000e+03,3.617927209647319842e+02,1.291491474620455918e-04
2.677000000000000000e+03,3.619170607640250523e+02,-2.252983953106656344e-05
2.678000000000000000e+03,3.620414005633181773e+02,-8.110343653100443410e-04
2.679000000000000000e+03,3.621657403626113023e+02,1.024530257665348535e-03
2.680000000000000000e+03,3.622900801619043705e+02,-2.801234468327308243e-04
2.681000000000000000e+03,3.624144199611974955e+02,-2.653303232023446982e-04
2.682000000000000000e+03,3.625387597604906205e+02,1.372673371511794020e-03
2.683000000000000000e+03,3.626630995597837455e+02,-7.467595508977520552e-04
2.684000000000000000e+03,3.627874393590768705e+02,2.011247116831767537e-04
2.685000000000000000e+03,3.629117791583699386e+02,5.455552466926453462e-04
2.686000000000000000e+03,3.630361189576630636e+02,-1.104370877769442769e-03
2.687000000000000000e+03,3.631604587569561886e+02,1.108865028420713376e-03
2.688000000000000000e+03,3.632847985562492568e+02,-9.529505677565448373e-04
2.689000000000000000e+03,3.634091383555423818e+02,9.028539526683614178e-04
2.690000000000000000e+03,3.635334781548355068e+02,-6.494437196965907166e-04
2.691000000000000000e+03,3.636578179541286318e+02,4.753600506741956634e-04
2.692000000000000000e+03,3.637821577534216999e+02,7.733406634999174080e-04
2.693000000000000000e+03,3.639064975527148249e+02,1.332181066817785886e-03
2.694000000000000000e+03,3.640308373520079499e+02,4.119931519736647020e-04
2.695000000000000000e+03,3.641551771513010181e+02,8.741060934025160099e-04
2.696000000000000000e+03,3.642795169505941431e+02,-3.457878557225577696e-04
2.697000000000000000e+03,3.644038567498872681e+02,-2.376602590797468034e-04
2.698000000000000000e+03,3.645281965491803930e+02,-3.421021184852230963e-04
2.699000000000000000e+03,3.646525363484735180e+02,6.795223930112847610e-05
2.700000000000000000e+03,3.647768761477665862e+02,-1.686640140753641753e-04
2.701000000000000000e+03,3.649012159470597112e+02,-4.807238537591414121e-04
2.702000000000000000e+03,3.650255557463528362e+02,7.837734783132517232e-04
2.703000000000000000e+03,3.651498955456459043e+02,-1.978393583851181326e-04
2.704000000000000000e+03,3.652742353449390293e+02,-1.256148008674535816e-03
2.705000000000000000e+03,3.653985751442321543e+02,-8.951965827343899432e-04
2.706000000000000000e+03,3.655229149435252793e+02,1.023714538437997805e-04
2.707000000000000000e+03,3.656472547428183475e+02,-5.066632692721267017e-04
2.708000000000000000e+03,3.657715945421114725e+02,-1.060106689893748578e-03
2.709000000000000000e+03,3.658959343414045975e+02,1.118351894128184537e-03
2.710000000000000000e+03,3.660202741406977225e+02,-1.122050707452898000e-03
2.711000000000000000e+03,3.661446139399907906e+02,-1.274902720777498300e-03
2.712000000000000000e+03,3.662689537392839156e+02,-6.790483568485254683e-04
2.713000000000000000e+03,3.663932935385770406e+02,-2.901900589259164584e-04
2.714000000000000000e+03,3.665176333378701656e+02,7.875438877451750377e-04
2.715000000000000000e+03,3.666419731371632338e+02,-3.800602410197679898e-04
2.716000000000000000e+03,3.667663129364563588e+02,-9.191089901257725727e-04
2.717000000000000000e+03,3.668906527357494838e+02,9.171612380807571451e-04
2.718000000000000000e+03,3.670149925350425519e+02,7.463777212486854499e-04
2.719000000000000000e+03,3.671393323343356769e+02,1.320129792207009808e-03
2.720000000000000000e+03,3.672636721336288019e+02,-1.182100907603203695e-03
2.721000000000000000e+03,3.673880119329219269e+02,-1.109153968821894329e-03
2.722000000000000000e+03,3.675123517322149951e+02,1.062493002250074984e-03
2.723000000000000000e+03,3.676366915315081201e+02,-9.323945787194756795e-04
2.724000000000000000e+03,3.677610313308012451e+02,-1.969718427989169477e-05
2.725000000000000000e+03,3.678853711300943701e+02,5.878988176937819353e-04
2.726000000000000000e+03,3.680097109293874382e+02,-6.535752730980439514e-04
2.727000000000000000e+03,3.681340507286805632e+02,-1.224619525895250015e-03
2.728000000000000000e+03,3.682583905279736882e+02,7.081454427324576596e-04
2.729000000000000000e+03,3.683827303272668132e+02,-1.763513753876115857e-04
2.730000000000000000e+03,3.685070701265598814e+02,-1.245223688192009402e-03
2.731000000000000000e+03,3.686314099258530064e+02,1.788599816970653708e-04
2.732000000000000000e+03,3.687557497251461314e+02,1.015003594900931467e-03
2.733000000000000000e+03,3.688800895244392564e+02,-1.175228139852354690e-03
2.734000000000000000e+03,3.690044293237323245e+02,-7.379896741876062257e-04
2.735000000000000000e+03,3.691287691230254495e+02,1.138305531695740433e-03
2.736000000000000000e+03,3.692531089223185745e+02,-1.343598443955711270e-03
2.737000000000000000e+03,3.693774487216116995e+02,-3.502671856296612997e-04
2.738000000000000000e+03,3.695017885209047677e+02,8.258890818116528367e-04
2.739000000000000000e+03,3.696261283201978927e+02,-1.347012933321633165e-03
2.740000000000000000e+03,3.697504681194910177e+02,-4.461555732364020580e-06
2.741000000000000000e+03,3.698748079187840858e+02,-1.004101124449268030e-03
2.742000000000000000e+03,3.699991477180772108e+02,-7.456489107191745670e-04
2.743000000000000000e+03,3.701234875173703358e+02,-1.051141968323112460e-03
2.744000000000000000e+03,3.702478273166634608e+02,-9.285299640080081716e-04
2.745000000000000000e+03,3.703721671159565290e+02,-1.371067481714249338e-03
2.746000000000000000e+03,3.704965069152496540e+02,3.491837745210522545e-04
2.747000000000000000e+03,3.706208467145427790e+02,8.565296115522120536e-04
2.748000000000000000e+03,3.707451865138359040e+02,1.218101053461708230e-03
2.749000000000000000e+03,3.708695263131289721e+02,5.012204365001560365e-04
2.750000000000000000e+03,3.709938661124220971e+02,1.037502309516663643e-03
2.751000000000000000e+03,3.711182059117152221e+02,-9.934777870462530285e-04
2.752000000000000000e+03,3.712425457110083471e+02,-5.539879204361874802e-04
2.753000000000000000e+03,3.713668855103014153e+02,9.196155938792772815e-04
2.754000000000000000e+03,3.714912253095945402e+02,-1.289471935187208422e-03
2.755000000000000000e+03,3.716155651088876652e+02,8.910731504746270465e-04
2.756000000000000000e+03,3.717399049081807334e+02,-3.087736392429707650e-04
2.757000000000000000e+03,3.718642447074738584e+02,7.530058995861404472e-04
2.758000000000000000e+03,3.719885845067669834e+02,1.173143441067043755e-03
2.759000000000000000e+03,3.721129243060601084e+02,-4.210279531811887970e-04
2.760000000000000000e+03,3.722372641053531765e+02,5.541477551406395318e-04
2.761000000000000000e+03,3.723616039046463015e+02,-5.748611228214400544e-04
2.762000000000000000e+03,3.724859437039394265e+02,9.425181768863685533e-04
2.763000000000000000e+03,3.726102835032325515e+02,-1.271981612716220145e-03
2.764000000000000000e+03,3.727346233025256197e+02,2.942518954385401416e-04
2.765000000000000000e+03,3.728589631018187447e+02,-5.471185404969186811e-04
2.766000000000000000e+03,3.729833029011118697e+02,-6.320121824626190625e-04
2.767000000000000000e+03,3.731076427004049947e+02,-7.806837225785367247e-04
2.768000000000000000e+03,3.732319824996980628e+02,1.175067037683817292e-04
2.769000000000000000e+03,3.733563222989911878e+02,-4.036152584130737260e-04
2.770000000000000000e+03,3.734806620982843128e+02,5.245653900734783631e-05
2.771000000000000000e+03,3.736050018975774378e+02,-1.314347295172255559e-03
2.772000000000000000e+03,3.737293416968705060e+02,2.910125429519174736e-04
2.773000000000000000e+03,3.738536814961636310e+02,-3.414836167459216502e-04
2.774000000000000000e+03,3.739780212954567560e+02,2.753676953561247798e-04
2.775000000000000000e+03,3.741023610947498810e+02,6.360891288493075810e-04
2.776000000000000000e+03,3.742267008940429491e+02,-1.275101645813335374e-03
2.777000000000000000e+03,3.743510406933360741e+02,-1.932038937730012879e-05
2.778000000000000000e+03,3.744753804926291991e+02,-1.051921550157852584e-03
2.779000000000000000e+03,3.745997202919222673e+02,3.731408039788159715e-04
2.780000000000000000e+03,3.747240600912153923e+02,-1.140973399528094840e-03
2.781000000000000000e+03,3.748483998905085173e+02,-1.076667299538592833e-03
2.782000000000000000e+03,3.749727396898016423e+02,8.987953245227840553e-04
2.783000000000000000e+03,3.750970794890947104e+02,1.315227457371908552e-03
2.784000000000000000e+03,3.752214192883878354e+02,-1.249087007627334815e-03
2.785000000000000000e+03,3.753457590876809604e+02,-5.827530487166526557e-04
2.786000000000000000e+03,3.754700988869740854e+02,5.881654024877623746e-05
2.787000000000000000e+03,3.755944386862671536e+02,-1.199267260370680049e-03
2.788000000000000000e+03,3.757187784855602786e+02,-1.311352879185903987e-03
2.789000000000000000e+03,3.758431182848534036e+02,-6.239603301691613348e-04
2.790000000000000000e+03,3.759674580841465286e+02,9.041223963354160257e-04
2.791000000000000000e+03,3.760917978834395967e+02,1.011451405130795464e-03
2.792000000000000000e+03,3.762161376827327217e+02,6.485351888883891932e-04
2.793000000000000000e+03,3.763404774820258467e+02,3.445855853109233810e-04
2.794000000000000000e+03,3.764648172813189717e+02,-8.079422553437537067e-04
2.795000000000000000e+03,3.765891570806120399e+02,-8.047900310053878164e-04
2.796000000000000000e+03,3.767134968799051649e+02,-1.227065744088959775e-03
2.797000000000000000e+03,3.768378366791982899e+02,1.647295314788199260e-04
2.798000000000000000e+03,3.769621764784913580e+02,4.633433312799041287e-04
2.799000000000000000e+03,3.770865162777844830e+02,-1.306240950588725101e-03
2.800000000000000000e+03,3.772108560770776080e+02,-7.053747579780398572e-04
2.801000000000000000e+03,3.773351958763707330e+02,5.257649212167204902e-04
2.802000000000000000e+03,3.774595356756638012e+02,-8.584111135857006372e-04
2.803000000000000000e+03,3.775838754749569262e+02,-8.548459174918614754e-06
2.804000000000000000e+03,3.777082152742500512e+02,1.291516165949737173e-03
2.805000000000000000e+03,3.778325550735431761e+02,9.596996549164010055e-04
2.806000000000000000e+03,3.779568948728362443e+02,3.824612636670676811e-04
2.807000000000000000e+03,3.780812346721293693e+02,6.008152002139843751e-04
2.808000000000000000e+03,3.782055744714224943e+02,-9.278708288792542058e-04
2.809000000000000000e+03,3.783299142707156193e+02,5.083009531876560251e-04
2.810000000000000000e+03,3.784542540700086874e+02,3.471395624261168261e-05
2.811000000000000000e+03,3.785785938693018124e+02,1.969639790299582637e-04
2.812000000000000000e+03,3.787029336685949374e+02,1.343436753562518527e-03
2.813000000000000000e+03,3.788272734678880624e+02,-5.203776383096433500e-04
2.814000000000000000e+03,3.789516132671811306e+02,6.831113514480161150e-04
2.815000000000000000e+03,3.790759530664742556e+02,4.624309149431334390e-05
2.816000000000000000e+03,3.792002928657673806e+02,-4.578408820493945095e-04
2.817000000000000000e+03,3.793246326650604487e+02,-3.449058752497831913e-04
2.818000000000000000e+03,3.794489724643535737e+02,-1.253576593095552874e-03
2.819000000000000000e+03,3.795733122636466987e+02,-2.539770504421939444e-04
2.820000000000000000e+03,3.796976520629398237e+02,1.259824514490367944e-03
2.821000000000000000e+03,3.798219918622328919e+02,1.499284414612447761e-04
2.822000000000000000e+03,3.799463316615260169e+02,-5.346806411810766405e-05
2.823000000000000000e+03,3.800706714608191419e+02,3.060066870404764823e-04
2.824000000000000000e+03,3.801950112601122669e+02,5.937378478877959956e-04
2.825000000000000000e+03,3.803193510594053350e+02,1.319756176958906133e-03
2.826000000000000000e+03,3.804436908586984600e+02,1.044495089772746847e-03
2.827000000000000000e+03,3.805680306579915850e+02,-3.707252761054070640e-04
2.828000000000000000e+03,3.806923704572847100e+02,6.449010614529085417e-04
2.829000000000000000e+03,3.808167102565777782e+02,-1.370974712793001553e-03
2.830000000000000000e+03,3.809410500558709032e+02,-9.291340629499760407e-04
2.831000000000000000e+03,3.810653898551640282e+02,-9.133214707002764235e-04
2.832000000000000000e+03,3.811897296544570963e+02,3.154725655876900359e-04
2.833000000000000000e+03,3.813140694537502213e+02,-6.111765432507740682e-04
2.834000000000000000e+03,3.814384092530433463e+02,1.139562878182723369e-03
2.835000000000000000e+03,3.815627490523364713e+02,-1.190694894016745570e-03
2.836000000000000000e+03,3.816870888516295395e+02,5.221531959945887496e-04
2.837000000000000000e+03,3.818114286509226645e+02,-8.805223459643905012e-04
2.838000000000000000e+03,3.819357684502157895e+02,8.576100183718567398e-04
2.839000000000000000e+03,3.820601082495089145e+02,-5.368389793111764084e-04
2.840000000000000000e+03,3.821844480488019826e+02,1.229193526550694492e-03
2.841000000000000000e+03,3.823087878480951076e+02,-7.941744961093085038e-04
2.842000000000000000e+03,3.824331276473882326e+02,1.380126929486460855e-03
2.843000000000000000e+03,3.825574674466813576e+02,8.895179759652735918e-04
2.844000000000000000e+03,3.826818072459744258e+02,2.727121498054349709e-04
2.845000000000000000e+03,3.828061470452675508e+02,1.004646965028392147e-03
2.846000000000000000e+03,3.829304868445606758e+02,-5.899249694358657728e-06
2.847000000000000000e+03,3.830548266438538008e+02,-7.090802436081195242e-04
2.848000000000000000e+03,3.831791664431468689e+02,9.338703053519605696e-04
2.849000000000000000e+03,3.833035062424399939e+02,5.097385394396418586e-04
2.850000000000000000e+03,3.834278460417331189e+02,7.483389981377289125e-04
2.851000000000000000e+03,3.835521858410262439e+02,-7.511391228675732450e-05
2.852000000000000000e+03,3.836765256403193121e+02,1.796059277827248590e-04
2.853000000000000000e+03,3.838008654396124371e+02,8.954340469688594039e-05
2.854000000000000000e+03,3.839252052389055621e+02,-1.357687156101830463e-03
2.855000000000000000e+03,3.840495450381986302e+02,-5.900500220712717346e-04
2.856000000000000000e+03,3.841738848374917552e+02,-2.897373476034656860e-04
2.857000000000000000e+03,3.842982246367848802e+02,-1.261122140408925309e-03
2.858000000000000000e+03,3.844225644360780052e+02,9.615936147062704303e-05
2.859000000000000000e+03,3.845469042353710734e+02,-2.636447107795318015e-04
2.860000000000000000e+03,3.846712440346641984e+02,-1.201283907007493022e-03
2.861000000000000000e+03,3.847955838339573233e+02,1.731466797867543112e-04
2.862000000000000000e+03,3.849199236332504483e+02,4.666788782845613368e-04
2.863000000000000000e+03,3.850442634325435165e+02,4.741871818560199807e-04
2.864000000000000000e+03,3.851686032318366415e+02,5.959888833161359339e-04
2.865000000000000000e+03,3.852929430311297665e+02,2.889643515859994160e-04
2.866000000000000000e+03,3.854172828304228915e+02,-8.217708909288957498e-04
2.867000000000000000e+03,3.855416226297159596e+02,1.346379450805496210e-03
2.868000000000000000e+03,3.856659624290090846e+02,-3.241489283417820963e-04
2.869000000000000000e+03,3.857903022283022096e+02,7.621188105290936004e-04
2.870000000000000000e+03,3.859146420275952778e+02,4.458026735562244927e-04
2.871000000000000000e+03,3.860389818268884028e+02,-6.585532438455417217e-04
2.872000000000000000e+03,3.861633216261815278e+02,-6.657943032000423729e-04
2.873000000000000000e+03,3.862876614254746528e+02,1.868753946276097535e-04
2.874000000000000000e+03,3.864120012247677209e+02,1.150417911655527261e-03
2.875000000000000000e+03,3.865363410240608459e+02,9.321475026972209045e-04
2.876000000000000000e+03,3.866606808233539709e+02,8.456773290614759582e-04
2.877000000000000000e+03,3.867850206226470959e+02,-2.555751033315564920e-04
2.878000000000000000e+03,3.869093604219401641e+02,1.239636637984808552e-03
2.879000000000000000e+03,3.870337002212332891e+02,9.094899152980776523e-04
2.880000000000000000e+03,3.871580400205264141e+02,-1.084519817718339807e-03
2.881000000000000000e+03,3.872823798198195391e+02,-7.130400483985252762e-04
2.882000000000000000e+03,3.874067196191126072e+02,1.712535100104672166e-04
2.883000000000000000e+03,3.875310594184057322e+02,7.452468659703253683e-04
2.884000000000000000e+03,3.876553992176988572e+02,-1.497624408670796122e-04
2.885000000000000000e+03,3.877797390169919822e+02,-3.154074580979541803e-04
2.886000000000000000e+03,3.879040788162850504e+02,8.480773322501021375e-04
2.887000000000000000e+03,3.880284186155781754e+02,1.094307022878518562e-04
2.888000000000000000e+03,3.881527584148713004e+02,1.005263738712851903e-03
2.889000000000000000e+03,3.882770982141644254e+02,1.190258013044943842e-03
2.890000000000000000e+03,3.884014380134574935e+02,2.117358060389449312e-05
2.891000000000000000e+03,3.885257778127506185e+02,-8.480259713960729270e-04
2.892000000000000000e+03,3.886501176120437435e+02,5.601461192899597191e-04
2.893000000000000000e+03,3.887744574113368117e+02,9.277821280993022585e-05
2.894000000000000000e+03,3.888987972106299367e+02,2.965762526080889614e-04
2.895000000000000000e+03,3.890231370099230617e+02,6.137483787812064934e-04
2.896000000000000000e+03,3.891474768092161867e+02,6.239155206108945150e-04
2.897000000000000000e+03,3.892718166085092548e+02,-1.378475842029580492e-03
2.898000000000000000e+03,3.893961564078023798e+02,-3.221695481868722230e-04
2.899000000000000000e+03,3.895204962070955048e+02,1.056871448653673483e-03
2.900000000000000000e+03,3.896448360063886298e+02,2.100226309806254449e-04
2.901000000000000000e+03,3.897691758056816980e+02,-1.721689473570809888e-04
2.902000000000000000e+03,3.898935156049748230e+02,1.222325534349897897e-03
2.903000000000000000e+03,3.900178554042679480e+02,1.288692259388972460e-03
2.904000000000000000e+03,3.901421952035606751e+02,-7.063664874162806692e-04
2.905000000000000000e+03,3.902665350028512421e+02,-7.863421834211241964e-04
2.906000000000000000e+03,3.903908748021418660e+02,1.360353003702030779e-03
2.907000000000000000e+03,3.905152146014324330e+02,-1.107690231688520299e-03
2.908000000000000000e+03,3.906395544007230001e+02,-8.994124274332679662e-04
2.909000000000000000e+03,3.907638942000136240e+02,1.261047426657848324e-03
2.910000000000000000e+03,3.908882339993042478e+02,-1.188146335928877764e-03
2.911000000000000000e+03,3.910125737985948149e+02,3.076905571091253827e-04
2.912000000000000000e+03,3.911369135978853819e+02,5.477921234593967478e-04
2.913000000000000000e+03,3.912612533971760058e+02,-9.597983079502396238e-04
2.914000000000000000e+03,3.913855931964665729e+02,-7.337502311314435472e-04
2.915000000000000000e+03,3.915099329957571399e+02,-1.201155311481351970e-03
2.916000000000000000e+03,3.916342727950477638e+02,8.304852723641021391e-04
2.917000000000000000e+03,3.917586125943383308e+02,-1.746759455306034971e-04
2.918000000000000000e+03,3.918829523936288979e+02,-1.305306943917762693e-04
2.919000000000000000e+03,3.920072921929195218e+02,-1.026487674512244642e-03
2.920000000000000000e+03,3.921316319922100888e+02,2.034013290009517800e-04
2.921000000000000000e+03,3.922559717915007127e+02,-6.961251994335066222e-04
2.922000000000000000e+03,3.923803115907912797e+02,-2.287697270552951510e-04
2.923000000000000000e+03,3.925046513900819036e+02,-9.129268563823201947e-04
2.924000000000000000e+03,3.926289911893724707e+02,-3.587582280259967219e-04
2.925000000000000000e+03,3.927533309886630377e+02,1.311826363053002469e-03
2.926000000000000000e+03,3.928776707879536616e+02,6.614351227320928658e-04
2.927000000000000000e+03,3.930020105872442286e+02,-1.210483412790091216e-03
2.928000000000000000e+03,3.931263503865347957e+02,6.487665923901903432e-04
2.929000000000000000e+03,3.932506901858254196e+02,-1.144042111386561170e-04
2.930000000000000000e+03,3.933750299851159866e+02,1.553145409929390696e-04
2.931000000000000000e+03,3.934993697844065537e+02,5.865020134033688314e-04
2.932000000000000000e+03,3.936237095836971775e+02,-1.788762548952918443e-04
2.933000000000000000e+03,3.937480493829877446e+02,-3.906356730567672915e-04
2.934000000000000000e+03,3.938723891822783685e+02,9.468954269196991434e-04
2.935000000000000000e+03,3.939967289815689355e+02,3.347857479513150197e-04
2.936000000000000000e+03,3.941210687808595594e+02,-1.213733299252667611e-03
2.937000000000000000e+03,3.942454085801501265e+02,4.575159177059243002e-04
2.938000000000000000e+03,3.943697483794406935e+02,-6.297410279109481434e-04
2.939000000000000000e+03,3.944940881787313174e+02,9.817699366000586978e-05
2.940000000000000000e+03,3.946184279780218844e+02,-7.819408895230243149e-04
2.941000000000000000e+03,3.947427677773124515e+02,2.243397515067902773e-04
2.942000000000000000e+03,3.948671075766030754e+02,-8.315032776286605505e-04
2.943000000000000000e+03,3.949914473758936424e+02,-1.358243196510921548e-03
2.944000000000000000e+03,3.951157871751842094e+02,9.782457924163961548e-04
2.945000000000000000e+03,3.952401269744748333e+02,-9.366465720575614402e-04
2.946000000000000000e+03,3.953644667737654004e+02,8.180929629754215985e-04
2.947000000000000000e+03,3.954888065730560243e+02,1.357456262488255681e-03
2.948000000000000000e+03,3.956131463723465913e+02,-4.120126284639105360e-04
2.949000000000000000e+03,3.957374861716372152e+02,-7.223176134678263322e-04
2.950000000000000000e+03,3.958618259709277822e+02,6.181648078297308831e-04
2.951000000000000000e+03,3.959861657702183493e+02,4.910570001249899008e-04
2.952000000000000000e+03,3.961105055695089732e+02,-8.620073156734561542e-04
2.953000000000000000e+03,3.962348453687995402e+02,-2.734011301448578628e-05
2.954000000000000000e+03,3.963591851680901073e+02,1.197175987785628875e-03
2.955000000000000000e+03,3.964835249673807311e+02,1.147337891509630017e-03
2.956000000000000000e+03,3.966078647666712982e+02,4.726235893957135277e-04
2.957000000000000000e+03,3.967322045659618652e+02,-3.682808141154321501e-04
2.958000000000000000e+03,3.968565443652524891e+02,-3.713484358416960359e-04
2.959000000000000000e+03,3.969808841645430562e+02,-9.114831286436555433e-06
2.960000000000000000e+03,3.971052239638336800e+02,1.341286725192103544e-03
2.961000000000000000e+03,3.972295637631242471e+02,-3.467171174923038847e-04
2.962000000000000000e+03,3.973539035624148710e+02,-1.306206710349372717e-03
2.963000000000000000e+03,3.974782433617054380e+02,1.172408290247671601e-03
2.964000000000000000e+03,3.976025831609960051e+02,1.156165492258602926e-04
2.965000000000000000e+03,3.977269229602866289e+02,8.464604444188005309e-04
2.966000000000000000e+03,3.978512627595771960e+02,-8.633274785008885396e-04
2.967000000000000000e+03,3.979756025588677630e+02,-1.143080480137212635e-03
2.968000000000000000e+03,3.980999423581583869e+02,-9.916325889668075027e-04
2.969000000000000000e+03,3.982242821574489540e+02,-1.735611000715587605e-04
2.970000000000000000e+03,3.983486219567395210e+02,9.274757330948736308e-04
2.971000000000000000e+03,3.984729617560301449e+02,7.775824668321784606e-04
2.972000000000000000e+03,3.985973015553207119e+02,-1.032295642923700954e-03
2.973000000000000000e+03,3.987216413546113358e+02,-5.465721344008202774e-04
2.974000000000000000e+03,3.988459811539019029e+02,7.353488799264858763e-04
2.975000000000000000e+03,3.989703209531925268e+02,-6.524252244556156492e-04
2.976000000000000000e+03,3.990946607524830938e+02,1.083656844899098717e-03
2.977000000000000000e+03,3.992190005517736608e+02,-6.344548956110103834e-04
2.978000000000000000e+03,3.993433403510642847e+02,6.995256181077726424e-04
2.979000000000000000e+03,3.994676801503548518e+02,-1.559645932511164715e-04
2.980000000000000000e+03,3.995920199496454188e+02,-7.328288865057373466e-04
2.981000000000000000e+03,3.997163597489360427e+02,-3.716612657166818031e-04
2.982000000000000000e+03,3.998406995482266097e+02,-4.046429833609044031e-04
2.983000000000000000e+03,3.999650393475171768e+02,6.392253986136149548e-05
2.984000000000000000e+03,4.000893791468078007e+02,-1.181125545033254523e-03
2.985000000000000000e+03,4.002137189460984246e+02,-9.391804381302312765e-04
2.986000000000000000e+03,4.003380587453889916e+02,-1.240655258267942635e-03
2.987000000000000000e+03,4.004623985446795587e+02,4.481233246752582824e-04
2.988000000000000000e+03,4.005867383439701825e+02,-5.757708893564258230e-04
2.989000000000000000e+03,4.007110781432607496e+02,8.572368332218213358e-04
2.990000000000000000e+03,4.008354179425513166e+02,2.771077732086527729e-04
2.991000000000000000e+03,4.009597577418419405e+02,1.208394152494824932e-03
2.992000000000000000e+03,4.010840975411325076e+02,-1.428098146054268493e-04
2.993000000000000000e+03,4.012084373404230746e+02,8.980732738950730635e-04
2.994000000000000000e+03,4.013327771397136985e+02,-5.281303181993878730e-04
2.995000000000000000e+03,4.014571169390042655e+02,9.148817457505872440e-04
2.996000000000000000e+03,4.015814567382948894e+02,-4.503112219378723824e-04
2.997000000000000000e+03,4.017057965375854565e+02,4.165836812997537474e-04
2.998000000000000000e+03,4.018301363368760235e+02,9.668771442415159678e-04
2.999000000000000000e+03,4.019544761361666474e+02,6.017061660308552174e-04
3.000000000000000000e+03,4.020788159354572144e+02,8.523947847395935357e-04
3.001000000000000000e+03,4.022031557347478383e+02,1.338433224782159233e-03
3.002000000000000000e+03,4.023274955340384054e+02,1.304702317851055404e-03
3.003000000000000000e+03,4.024518353333289724e+02,6.949901442730823439e-04
3.004000000000000000e+03,4.025761751326195963e+02,5.998176316122528356e-04
3.005000000000000000e+03,4.027005149319101633e+02,-1.162420884925112003e-04
3.006000000000000000e+03,4.028248547312007304e+02,-2.223565295903863525e-04
3.007000000000000000e+03,4.029491945304913543e+02,-5.573397101089647512e-05
3.008000000000000000e+03,4.030735343297819213e+02,-1.098823117053614054e-03
3.009000000000000000e+03,4.031978741290725452e+02,-1.139568129237815636e-03
3.010000000000000000e+03,4.033222139283631122e+02,1.139080612487172956e-03
3.011000000000000000e+03,4.034465537276536793e+02,-2.080825454438512361e-05
3.012000000000000000e+03,4.035708935269443032e+02,-1.966659178232534020e-05
3.013000000000000000e+03,4.036952333262348702e+02,5.556599207185450393e-04
3.014000000000000000e+03,4.038195731255254941e+02,-7.108820431340428072e-04
3.015000000000000000e+03,4.039439129248160611e+02,1.235646618347107425e-03
3.016000000000000000e+03,4.040682527241066282e+02,7.107847542551213628e-04
3.017000000000000000e+03,4.041925925233972521e+02,1.056852064130604091e-03
3.018000000000000000e+03,4.043169323226878191e+02,-7.630420431839189145e-04
3.019000000000000000e+03,4.044412721219783862e+02,7.224237002965303240e-04
3.020000000000000000e+03,4.045656119212690101e+02,2.489093366774857612e-04
3.021000000000000000e+03,4.046899517205595771e+02,-9.931385221317995653e-04
3.022000000000000000e+03,4.048142915198502010e+02,-3.797656071928605598e-04
3.023000000000000000e+03,4.049386313191407680e+02,-5.175227386429740112e-04
3.024000000000000000e+03,4.050629711184313919e+02,-4.266891165619549195e-04
3.025000000000000000e+03,4.051873109177219590e+02,-9.704963204769988337e-04
3.026000000000000000e+03,4.053116507170125260e+02,-7.408043482356295320e-04
3.027000000000000000e+03,4.054359905163031499e+02,7.638286467296676822e-04
3.028000000000000000e+03,4.055603303155937169e+02,-6.945489920427362802e-04
3.029000000000000000e+03,4.056846701148842840e+02,-3.545707753518642169e-04
3.030000000000000000e+03,4.058090099141749079e+02,-7.238077246801416639e-04
3.031000000000000000e+03,4.059333497134654749e+02,4.496847759879436606e-04
3.032000000000000000e+03,4.060576895127560419e+02,1.235483393701935530e-03
3.033000000000000000e+03,4.061820293120466658e+02,-9.627395396123409211e-04
3.034000000000000000e+03,4.063063691113372329e+02,-1.379668815759358682e-04
3.035000000000000000e+03,4.064307089106278568e+02,-7.603159609097801452e-04
3.036000000000000000e+03,4.065550487099184238e+02,1.360313880295207101e-03
3.037000000000000000e+03,4.066793885092090477e+02,-3.409575614921147072e-04
3.038000000000000000e+03,4.068037283084996147e+02,1.332884960434393582e-04
3.039000000000000000e+03,4.069280681077901818e+02,-9.323355626136059417e-04
3.040000000000000000e+03,4.070524079070808057e+02,-1.059021645348247982e-03
3.041000000000000000e+03,4.071767477063713727e+02,6.718418616681796863e-04
3.042000000000000000e+03,4.073010875056619398e+02,1.218273487889007158e-03
3.043000000000000000e+03,4.074254273049525636e+02,-7.774350025957395272e-04
3.044000000000000000e+03,4.075497671042431307e+02,-1.375471857448460180e-03
3.045000000000000000e+03,4.076741069035337546e+02,-8.601437698295325398e-04
3.046000000000000000e+03,4.077984467028243216e+02,2.636217921032686803e-04
3.047000000000000000e+03,4.079227865021148887e+02,-3.181718852026908925e-04
3.048000000000000000e+03,4.080471263014055125e+02,3.476458290621083492e-04
3.049000000000000000e+03,4.081714661006960796e+02,9.114557485833875861e-04
3.050000000000000000e+03,4.082958058999867035e+02,1.108393070964326752e-04
3.051000000000000000e+03,4.084201456992772705e+02,-8.620065877939735556e-04
3.052000000000000000e+03,4.085444854985678376e+02,-1.336065312108874060e-04
3.053000000000000000e+03,4.086688252978584615e+02,3.577837840169907874e-04
3.054000000000000000e+03,4.087931650971490285e+02,1.248177598145689933e-03
3.055000000000000000e+03,4.089175048964395955e+02,-1.072919348603383117e-04
3.056000000000000000e+03,4.090418446957302194e+02,-7.502062749668597262e-04
3.057000000000000000e+03,4.091661844950207865e+02,9.768705608923879992e-04
3.058000000000000000e+03,4.092905242943114104e+02,4.115101229430706770e-04
3.059000000000000000e+03,4.094148640936019774e+02,9.296647503853613459e-04
3.060000000000000000e+03,4.095392038928925444e+02,4.919256378419529108e-04
3.061000000000000000e+03,4.096635436921831683e+02,-9.222122396889018093e-04
3.062000000000000000e+03,4.097878834914737354e+02,-5.396888121082183201e-04
3.063000000000000000e+03,4.099122232907643593e+02,-1.720245555289791328e-04
3.064000000000000000e+03,4.100365630900549263e+02,1.131713851368026355e-04
3.065000000000000000e+03,4.101609028893454933e+02,-1.382252620523276472e-03
3.066000000000000000e+03,4.102852426886361172e+02,-2.426307244976509453e-04
3.067000000000000000e+03,4.104095824879266843e+02,1.044621735313218652e-03
3.068000000000000000e+03,4.105339222872172513e+02,-9.117616061237841666e-04
3.069000000000000000e+03,4.106582620865078752e+02,-1.003538172696787371e-05
3.070000000000000000e+03,4.107826018857984423e+02,-1.817443313472826602e-04
3.071000000000000000e+03,4.109069416850890093e+02,-1.339093701722923226e-03
3.072000000000000000e+03,4.110312814843796332e+02,6.985687328513768028e-04
3.073000000000000000e+03,4.111556212836702002e+02,7.612984103668196418e-05
3.074000000000000000e+03,4.112799610829608241e+02,-6.330014752460104118e-04
3.075000000000000000e+03,4.114043008822513912e+02,-8.519239605748865412e-04
3.076000000000000000e+03,4.115286406815420150e+02,-9.985890757501128100e-04
3.077000000000000000e+03,4.116529804808325821e+02,8.875562210729252225e-04
3.078000000000000000e+03,4.117773202801231491e+02,1.212403999949908222e-04
3.079000000000000000e+03,4.119016600794137730e+02,6.537354177289036745e-04
3.080000000000000000e+03,4.120259998787043401e+02,4.168145565724604260e-04
3.081000000000000000e+03,4.121503396779949071e+02,-1.162959360131323014e-04
3.082000000000000000e+03,4.122746794772855310e+02,-1.241141277374076257e-03
3.083000000000000000e+03,4.123990192765760980e+02,-9.438481178870400347e-04
3.084000000000000000e+03,4.125233590758667219e+02,7.065902564977604187e-04
3.085000000000000000e+03,4.126476988751572890e+02,5.332191909249761651e-04
3.086000000000000000e+03,4.127720386744478560e+02,6.091294157068527591e-04
3.087000000000000000e+03,4.128963784737384799e+02,6.371838301674399331e-04
3.088000000000000000e+03,4.130207182730290469e+02,-5.440194590947654285e-04
3.089000000000000000e+03,4.131450580723196708e+02,-4.995743583121739831e-05
3.090000000000000000e+03,4.132693978716102379e+02,-4.623930380721561211e-04
3.091000000000000000e+03,4.133937376709008049e+02,3.044467726540076068e-04
3.092000000000000000e+03,4.135180774701914288e+02,6.301421455454424368e-04
3.093000000000000000e+03,4.136424172694819958e+02,-5.231363269305160796e-04
3.094000000000000000e+03,4.137667570687725629e+02,6.670786259356920435e-04
3.095000000000000000e+03,4.138910968680631868e+02,-5.780619801592058000e-04
3.096000000000000000e+03,4.140154366673537538e+02,-5.651001236977812054e-04
3.097000000000000000e+03,4.141397764666443777e+02,2.189363198488884560e-04
3.098000000000000000e+03,4.142641162659349447e+02,7.165417562005548750e-04
3.099000000000000000e+03,4.143884560652255118e+02,9.588114529020490403e-04
3.100000000000000000e+03,4.145127958645161357e+02,6.349101995745459401e-04
3.101000000000000000e+03,4.146371356638067027e+02,-6.269018356056017685e-04
3.102000000000000000e+03,4.147614754630973266e+02,1.149348156327250963e-03
3.103000000000000000e+03,4.148858152623878937e+02,1.135125902254320801e-03
3.104000000000000000e+03,4.150101550616784607e+02,9.323709204026064176e-04
3.105000000000000000e+03,4.151344948609690846e+02,9.326282882293333203e-04
3.106000000000000000e+03,4.152588346602596516e+02,-1.251279106523978763e-03
3.107000000000000000e+03,4.153831744595502187e+02,-7.378134674578514310e-04
3.108000000000000000e+03,4.155075142588408426e+02,-3.254941113455793065e-04
3.109000000000000000e+03,4.156318540581314096e+02,1.053092123028941248e-03
3.110000000000000000e+03,4.157561938574220335e+02,4.440182299648330410e-05
3.111000000000000000e+03,4.158805336567126005e+02,-8.361019179241509789e-04
3.112000000000000000e+03,4.160048734560032244e+02,1.334584040562595696e-04
3.113000000000000000e+03,4.161292132552937915e+02,-1.024719818194913621e-03
3.114000000000000000e+03,4.162535530545843585e+02,-1.125381396397530636e-03
3.115000000000000000e+03,4.163778928538749824e+02,-8.452699823582794127e-04
3.116000000000000000e+03,4.165022326531655494e+02,1.030562862162507894e-03
3.117000000000000000e+03,4.166265724524561165e+02,-3.950092155583159736e-04
3.118000000000000000e+03,4.167509122517467404e+02,1.351230405912349879e-03
3.119000000000000000e+03,4.168752520510373074e+02,-1.174913675963162266e-03
3.120000000000000000e+03,4.169995918503278745e+02,3.361296381685013944e-04
3.121000000000000000e+03,4.171239316496184983e+02,-6.422156437098175625e-04
3.122000000000000000e+03,4.172482714489090654e+02,-4.145036254535243523e-04
3.123000000000000000e+03,4.173726112481996893e+02,1.081281234429945851e-03
3.124000000000000000e+03,4.174969510474902563e+02,2.331759095765164442e-04
3.125000000000000000e+03,4.176212908467808802e+02,-2.112792416105324243e-05
3.126000000000000000e+03,4.177456306460714472e+02,-1.165374576216760341e-03
3.127000000000000000e+03,4.178699704453620143e+02,-1.906766447276982601e-04
3.128000000000000000e+03,4.179943102446526382e+02,-2.210962451590800472e-04
3.129000000000000000e+03,4.181186500439432052e+02,-2.648256251425578365e-04
3.130000000000000000e+03,4.182429898432337723e+02,-1.205704738612100885e-03
3.131000000000000000e+03,4.183673296425243961e+02,-7.313926712756306557e-04
3.132000000000000000e+03,4.184916694418149632e+02,-4.645081559852022178e-04
3.133000000000000000e+03,4.186160092411055871e+02,-1.360169408375648667e-03
3.134000000000000000e+03,4.187403490403961541e+02,-2.199609354688854344e-04
3.135000000000000000e+03,4.188646888396867212e+02,1.027738033319659360e-03
3.136000000000000000e+03,4.189890286389773451e+02,-5.579791173275435194e-04
3.137000000000000000e+03,4.191133684382679121e+02,-1.352193444180034565e-04
3.138000000000000000e+03,4.192377082375584791e+02,8.881342907854659690e-04
3.139000000000000000e+03,4.193620480368491030e+02,-4.033847808849789791e-04
3.140000000000000000e+03,4.194863878361396701e+02,-1.414844876987233276e-04
3.141000000000000000e+03,4.196107276354302940e+02,-3.620902039059439663e-05
3.142000000000000000e+03,4.197350674347208610e+02,1.066366285431809497e-03
3.143000000000000000e+03,4.198594072340114280e+02,9.994174307233138436e-04
3.144000000000000000e+03,4.199837470333020519e+02,-1.280888588043681883e-03
3.145000000000000000e+03,4.201080868325926190e+02,5.312161035864354812e-04
3.146000000000000000e+03,4.202324266318831860e+02,7.550168753995945654e-04
3.147000000000000000e+03,4.203567664311738099e+02,8.465517395690121171e-04
3.148000000000000000e+03,4.204811062304643769e+02,-4.845255853026639477e-04
3.149000000000000000e+03,4.206054460297550008e+02,-1.143181106619386121e-03
3.150000000000000000e+03,4.207297858290455679e+02,-1.423061032524307203e-05
3.151000000000000000e+03,4.208541256283361918e+02,-4.133936625843343676e-04
3.152000000000000000e+03,4.209784654276267588e+02,2.971397318654387786e-04
3.153000000000000000e+03,4.211028052269173259e+02,7.681934622245009930e-04
3.154000000000000000e+03,4.212271450262079497e+02,-7.443411081001486589e-04
3.155000000000000000e+03,4.213514848254985168e+02,-1.110834868702399508e-03
3.156000000000000000e+03,4.214758246247890838e+02,6.118043176199305455e-04
3.157000000000000000e+03,4.216001644240797077e+02,-1.933166764976318832e-04
3.158000000000000000e+03,4.217245042233702748e+02,-1.715668409146376027e-05
3.159000000000000000e+03,4.218488440226608418e+02,8.548412097360147529e-04
3.160000000000000000e+03,4.219731838219514657e+02,-3.075572123290660283e-04
3.161000000000000000e+03,4.220975236212420327e+02,-1.063531036639588871e-03
3.162000000000000000e+03,4.222218634205326566e+02,8.991148669192054331e-05
3.163000000000000000e+03,4.223462032198232237e+02,-1.148420402095109418e-05
3.164000000000000000e+03,4.224705430191138475e+02,-5.752848924953030477e-04
3.165000000000000000e+03,4.225948828184044146e+02,1.138015565990469369e-03
3.166000000000000000e+03,4.227192226176949816e+02,1.052491412199210111e-03
3.167000000000000000e+03,4.228435624169856055e+02,3.296240851830469095e-04
3.168000000000000000e+03,4.229679022162761726e+02,-2.600755529123956297e-04
3.169000000000000000e+03,4.230922420155667396e+02,-7.757687431034242026e-04
3.170000000000000000e+03,4.232165818148573635e+02,-2.010061034836435221e-04
3.171000000000000000e+03,4.233409216141479305e+02,-1.002682192291409974e-03
3.172000000000000000e+03,4.234652614134385544e+02,3.840333077307097167e-04
3.173000000000000000e+03,4.235896012127291215e+02,-1.088427781219111691e-04
3.174000000000000000e+03,4.237139410120196885e+02,1.603419430982336378e-04
3.175000000000000000e+03,4.238382808113103124e+02,-1.105722319264340614e-03
3.176000000000000000e+03,4.239626206106008794e+02,1.368464654878348119e-04
3.177000000000000000e+03,4.240869604098915033e+02,9.815000422333680120e-04
3.178000000000000000e+03,4.242113002091820704e+02,-5.714947723978316485e-04
3.179000000000000000e+03,4.243356400084726374e+02,-1.047432012234602271e-03
3.180000000000000000e+03,4.244599798077632613e+02,-5.008453461982168833e-04
3.181000000000000000e+03,4.245843196070538283e+02,-8.792570543630296364e-04
3.182000000000000000e+03,4.247086594063443954e+02,4.609736932837451293e-05
3.183000000000000000e+03,4.248329992056350193e+02,5.334660823152230155e-04
3.184000000000000000e+03,4.249573390049255863e+02,-3.626229244418241416e-04
3.185000000000000000e+03,4.250816788042162102e+02,1.091334182330694390e-03
3.186000000000000000e+03,4.252060186035067773e+02,-4.843798115097029742e-04
3.187000000000000000e+03,4.253303584027973443e+02,7.943952497700699014e-04
3.188000000000000000e+03,4.254546982020879682e+02,5.788335098818128297e-04
3.189000000000000000e+03,4.255790380013785352e+02,-8.592184290580312089e-04
3.190000000000000000e+03,4.257033778006691591e+02,6.492400660438888207e-04
3.191000000000000000e+03,4.258277175999597262e+02,1.070165505163795869e-03
3.192000000000000000e+03,4.259520573992502932e+02,9.053829484307148638e-04
3.193000000000000000e+03,4.260763971985409171e+02,6.861669724840616926e-04
3.194000000000000000e+03,4.262007369978314841e+02,-2.814139045546686872e-04
3.195000000000000000e+03,4.263250767971220512e+02,-8.747404332102537384e-04
3.196000000000000000e+03,4.264494165964126751e+02,-9.883049901644123383e-05
3.197000000000000000e+03,4.265737563957032421e+02,1.368294749746726659e-03
3.198000000000000000e+03,4.266980961949938660e+02,4.778965848305571440e-04
3.199000000000000000e+03,4.268224359942844330e+02,-7.673758719190939366e-04
3.200000000000000000e+03,4.269467757935750569e+02,-6.437292662706108146e-04
3.201000000000000000e+03,4.270711155928656240e+02,-1.243664624424489122e-03
3.202000000000000000e+03,4.271954553921561910e+02,-1.290688798207965124e-03
3.203000000000000000e+03,4.273197951914468149e+02,-4.758762528858885218e-04
3.204000000000000000e+03,4.274441349907373819e+02,7.862001072430003156e-04
3.205000000000000000e+03,4.275684747900279490e+02,-6.418620800707146952e-04
3.206000000000000000e+03,4.276928145893185729e+02,-1.307784419553344960e-03
3.207000000000000000e+03,4.278171543886091399e+02,-1.940501860703226431e-04
3.208000000000000000e+03,4.279414941878997070e+02,-4.658463488829247184e-05
3.209000000000000000e+03,4.280658339871903308e+02,5.070812276025653135e-04
3.210000000000000000e+03,4.281901737864808979e+02,7.938366397560511073e-04
3.211000000000000000e+03,4.283145135857715218e+02,1.301432970170039727e-03
3.212000000000000000e+03,4.284388533850620888e+02,1.035016945734853642e-03
3.213000000000000000e+03,4.285631931843526559e+02,-7.867601923229368280e-04
3.214000000000000000e+03,4.286875329836432797e+02,1.288303891124255307e-03
3.215000000000000000e+03,4.288118727829338468e+02,-8.707564109700166805e-04
3.216000000000000000e+03,4.289362125822244707e+02,7.279096849768703628e-04
3.217000000000000000e+03,4.290605523815150377e+02,4.162724912193666846e-05
3.218000000000000000e+03,4.291848921808056048e+02,-4.424057091805799194e-04
3.219000000000000000e+03,4.293092319800962287e+02,-9.280640564743589723e-04
3.220000000000000000e+03,4.294335717793867957e+02,-5.005808943958144986e-04
3.221000000000000000e+03,4.295579115786773627e+02,-5.996282369800436064e-04
3.222000000000000000e+03,4.296822513779679866e+02,5.442722564199185516e-04
3.223000000000000000e+03,4.298065911772585537e+02,4.959611744799874824e-04
3.224000000000000000e+03,4.299309309765491776e+02,-4.171444283636004395e-04
3.225000000000000000e+03,4.300552707758397446e+02,-9.406008026840804309e-04
3.226000000000000000e+03,4.301796105751303685e+02,-7.662446976789257175e-05
3.227000000000000000e+03,4.303039503744209355e+02,8.429488668211244755e-04
3.228000000000000000e+03,4.304282901737115026e+02,-4.634125409795836811e-04
3.229000000000000000e+03,4.305526299730021265e+02,5.963442878173466242e-04
3.230000000000000000e+03,4.306769697722926935e+02,1.084983082839324027e-03
3.231000000000000000e+03,4.308013095715832605e+02,2.977304754942732522e-04
3.232000000000000000e+03,4.309256493708738844e+02,-3.733876440745718148e-04
3.233000000000000000e+03,4.310499891701644515e+02,-1.173798951166134339e-03
3.234000000000000000e+03,4.311743289694550185e+02,9.597961615995228906e-04
3.235000000000000000e+03,4.312986687687456424e+02,7.637958557495514627e-04
3.236000000000000000e+03,4.314230085680362095e+02,4.974785660976421614e-04
3.237000000000000000e+03,4.315473483673268333e+02,-1.385730188718784037e-03
3.238000000000000000e+03,4.316716881666174004e+02,1.110784499831690762e-04
3.239000000000000000e+03,4.317960279659080243e+02,9.021237398067449538e-05
3.240000000000000000e+03,4.319203677651985913e+02,-9.993795982741904976e-04
3.241000000000000000e+03,4.320447075644891584e+02,-4.948620014624765086e-04
3.242000000000000000e+03,4.321690473637797822e+02,8.360243624851898580e-04
3.243000000000000000e+03,4.322933871630703493e+02,4.426795498423671880e-04
3.244000000000000000e+03,4.324177269623609163e+02,1.214214804265583520e-03
3.245000000000000000e+03,4.325420667616515402e+02,1.359537333327382694e-03
3.246000000000000000e+03,4.326664065609421073e+02,-6.712303987770209352e-04
3.247000000000000000e+03,4.327907463602327311e+02,4.305583646107385672e-04
3.248000000000000000e+03,4.329150861595232982e+02,5.890906391071066596e-04
3.249000000000000000e+03,4.330394259588138652e+02,-3.133313913562468063e-04
3.250000000000000000e+03,4.331637657581044891e+02,-1.305844191584192753e-03
3.251000000000000000e+03,4.332881055573950562e+02,1.730708384885169761e-04
3.252000000000000000e+03,4.334124453566856801e+02,7.026496928434192071e-04
3.253000000000000000e+03,4.335367851559762471e+02,6.986870156156897585e-04
3.254000000000000000e+03,4.336611249552668141e+02,7.877764373674504307e-04
3.255000000000000000e+03,4.337854647545574380e+02,2.344351840292421363e-04
3.256000000000000000e+03,4.339098045538480051e+02,8.233064396493598811e-04
3.257000000000000000e+03,4.340341443531385721e+02,-1.992258451805314413e-04
3.258000000000000000e+03,4.341584841524291960e+02,8.715976639824603734e-04
3.259000000000000000e+03,4.342828239517197630e+02,-3.427977310872218396e-04
3.260000000000000000e+03,4.344071637510103869e+02,-1.025574725183878893e-03
3.261000000000000000e+03,4.345315035503009540e+02,3.992765427403819240e-05
3.262000000000000000e+03,4.346558433495915210e+02,7.802445128999275321e-04
3.263000000000000000e+03,4.347801831488821449e+02,-3.289710314613089322e-04
3.264000000000000000e+03,4.349045229481727119e+02,-1.152755330127923795e-03
3.265000000000000000e+03,4.350288627474633358e+02,9.543047589902945533e-04
3.266000000000000000e+03,4.351532025467539029e+02,3.398376417181003762e-04
3.267000000000000000e+03,4.352775423460444699e+02,-5.371524112723341645e-04
3.268000000000000000e+03,4.354018821453350938e+02,-8.117524185234368302e-04
3.269000000000000000e+03,4.355262219446256609e+02,1.099076356553862653e-03
3.270000000000000000e+03,4.356505617439162279e+02,3.139949362755458111e-04
3.271000000000000000e+03,4.357749015432068518e+02,-1.413519813394337687e-04
3.272000000000000000e+03,4.358992413424974188e+02,-1.199311353936267878e-03
3.273000000000000000e+03,4.360235811417880427e+02,-7.096857732533489475e-06
3.274000000000000000e+03,4.361479209410786098e+02,2.616119414822688002e-04
3.275000000000000000e+03,4.362722607403691768e+02,-1.038806152489788566e-03
3.276000000000000000e+03,4.363966005396598007e+02,-4.425030056782438604e-04
3.277000000000000000e+03,4.365209403389503677e+02,-7.258936736646972926e-04
3.278000000000000000e+03,4.366452801382409916e+02,2.632049310975584388e-04
3.279000000000000000e+03,4.367696199375315587e+02,-9.315233688847497509e-04
3.280000000000000000e+03,4.368939597368221257e+02,-3.075657507995992906e-04
3.281000000000000000e+03,4.370182995361127496e+02,4.229699025638254174e-04
3.282000000000000000e+03,4.371426393354033166e+02,-7.437143181859124340e-04
3.283000000000000000e+03,4.372669791346938837e+02,-6.939929055745872608e-04
3.284000000000000000e+03,4.373913189339845076e+02,-1.199607868597334136e-03
3.285000000000000000e+03,4.375156587332750746e+02,-9.290226834095118664e-04
3.286000000000000000e+03,4.376399985325656985e+02,7.819853536925672199e-04
3.287000000000000000e+03,4.377643383318562655e+02,1.134521598999103454e-03
3.288000000000000000e+03,4.378886781311468326e+02,-5.919445951407242010e-04
3.289000000000000000e+03,4.380130179304374565e+02,7.841085739577821753e-04
3.290000000000000000e+03,4.381373577297280235e+02,-2.871753586999922087e-04
3.291000000000000000e+03,4.382616975290186474e+02,-3.416866250878090503e-04
3.292000000000000000e+03,4.383860373283092144e+02,1.966495973318745766e-04
3.293000000000000000e+03,4.385103771275997815e+02,8.550537475772840811e-04
3.294000000000000000e+03,4.386347169268904054e+02,8.512961004963067813e-04
3.295000000000000000e+03,4.387590567261809724e+02,1.447575368096721226e-04
3.296000000000000000e+03,4.388833965254715395e+02,2.393955275754748916e-04
3.297000000000000000e+03,4.390077363247621633e+02,-4.237107826676780572e-04
3.298000000000000000e+03,4.391320761240527304e+02,-1.368971537200261998e-03
3.299000000000000000e+03,4.392564159233433543e+02,9.388056998980859064e-04
3.300000000000000000e+03,4.393807557226339213e+02,-1.038394341827959160e-03
3.301000000000000000e+03,4.395050955219244884e+02,-1.473224793103340409e-04
3.302000000000000000e+03,4.396294353212151123e+02,-2.149357572338942964e-04
3.303000000000000000e+03,4.397537751205056793e+02,-1.356035150404864787e-03
3.304000000000000000e+03,4.398781149197963032e+02,-1.323103006274713557e-03
3.305000000000000000e+03,4.400024547190868702e+02,1.188479241191412426e-03
3.306000000000000000e+03,4.401267945183774373e+02,3.963932014718425976e-06
3.307000000000000000e+03,4.402511343176680612e+02,-4.625687113918136280e-04
3.308000000000000000e+03,4.403754741169586282e+02,5.940301297763384957e-04
3.309000000000000000e+03,4.404998139162491952e+02,-6.601487737288927460e-04
3.310000000000000000e+03,4.406241537155398191e+02,-9.899288179767661271e-04
3.311000000000000000e+03,4.407484935148303862e+02,-1.367413708096453266e-03
3.312000000000000000e+03,4.408728333141210101e+02,5.355783028064826749e-04
3.313000000000000000e+03,4.409971731134115771e+02,-4.923188119180187637e-04
3.314000000000000000e+03,4.411215129127021441e+02,4.240559954361238339e-04
3.315000000000000000e+03,4.412458527119927680e+02,-6.885062551231053377e-04
3.316000000000000000e+03,4.413701925112833351e+02,6.172004788208741580e-04
3.317000000000000000e+03,4.414945323105739590e+02,-3.622910020057922248e-04
3.318000000000000000e+03,4.416188721098645260e+02,-9.236783811903859394e-04
3.319000000000000000e+03,4.417432119091550931e+02,-9.123554201862290203e-04
3.320000000000000000e+03,4.418675517084457169e+02,-1.438687685170198915e-04
3.321000000000000000e+03,4.419918915077362840e+02,-1.773605098668496372e-04
3.322000000000000000e+03,4.421162313070268510e+02,3.245136862246651059e-04
3.323000000000000000e+03,4.422405711063174749e+02,-4.995876877549045806e-04
3.324000000000000000e+03,4.423649109056080420e+02,4.665041742645566333e-04
3.325000000000000000e+03,4.424892507048986658e+02,-7.556767367946388026e-04
3.326000000000000000e+03,4.426135905041892329e+02,-7.911391099493459897e-05
3.327000000000000000e+03,4.427379303034798568e+02,-5.679762514862259255e-04
3.328000000000000000e+03,4.428622701027704238e+02,-2.139212346313785356e-04
3.329000000000000000e+03,4.429866099020609909e+02,1.175109556376221706e-03
3.330000000000000000e+03,4.431109497013516147e+02,-5.943270366169867494e-04
3.331000000000000000e+03,4.432352895006421818e+02,-9.236693015899846574e-04
3.332000000000000000e+03,4.433596292999327488e+02,-3.260458456767651738e-04
3.333000000000000000e+03,4.434839690992233727e+02,1.030122187465323498e-03
3.334000000000000000e+03,4.436083088985139398e+02,1.234460127798321779e-03
3.335000000000000000e+03,4.437326486978045637e+02,-1.792452435969723478e-06
3.336000000000000000e+03,4.438569884970951307e+02,8.463611314164099907e-04
3.337000000000000000e+03,4.439813282963856977e+02,-6.788940650563934139e-04
3.338000000000000000e+03,4.441056680956763216e+02,-1.774965718477530927e-04
3.339000000000000000e+03,4.442300078949668887e+02,-8.850103138027535154e-04
3.340000000000000000e+03,4.443543476942575126e+02,-4.574725732787017453e-04
3.341000000000000000e+03,4.444786874935480796e+02,5.544058692741679487e-04
3.342000000000000000e+03,4.446030272928386466e+02,1.315684434144862329e-03
3.343000000000000000e+03,4.447273670921292705e+02,-3.513041466214183312e-04
3.344000000000000000e+03,4.448517068914198376e+02,-1.388296651734035898e-03
3.345000000000000000e+03,4.449760466907104046e+02,1.276772449657021056e-04
3.346000000000000000e+03,4.451003864900010285e+02,1.337887986325267865e-05
3.347000000000000000e+03,4.452247262892915955e+02,9.377174034700889570e-04
3.348000000000000000e+03,4.453490660885822194e+02,8.028019810114948168e-04
3.349000000000000000e+03,4.454734058878727865e+02,7.223755414049196294e-04
3.350000000000000000e+03,4.455977456871633535e+02,1.268378665204270700e-03
3.351000000000000000e+03,4.457220854864539774e+02,8.362573336738465552e-05
3.352000000000000000e+03,4.458464252857445445e+02,3.295506528132218968e-04
3.353000000000000000e+03,4.459707650850351683e+02,-8.791249296228391646e-05
3.354000000000000000e+03,4.460951048843257354e+02,3.481081734322401624e-04
3.355000000000000000e+03,4.462194446836163024e+02,8.401797155040609819e-04
3.356000000000000000e+03,4.463437844829069263e+02,7.160869274354544987e-04
3.357000000000000000e+03,4.464681242821974934e+02,9.256295306776407984e-04
3.358000000000000000e+03,4.465924640814880604e+02,7.480586703371123287e-04
3.359000000000000000e+03,4.467168038807786843e+02,-3.486717192340001528e-04
3.360000000000000000e+03,4.468411436800692513e+02,-3.634828966859389747e-04
3.361000000000000000e+03,4.469654834793598752e+02,-8.303816367911643313e-04
3.362000000000000000e+03,4.470898232786504423e+02,2.007800800175418398e-04
3.363000000000000000e+03,4.472141630779410093e+02,-1.066497202329476758e-03
3.364000000000000000e+03,4.473385028772316332e+02,-9.799164094407932283e-05
3.365000000000000000e+03,4.474628426765222002e+02,-1.050259808718784216e-03
3.366000000000000000e+03,4.475871824758128241e+02,3.197552288331651079e-04
3.367000000000000000e+03,4.477115222751033912e+02,-6.526221264832726947e-04
3.368000000000000000e+03,4.478358620743939582e+02,1.144774827617355169e-03
3.369000000000000000e+03,4.479602018736845821e+02,5.527513914237410560e-04
3.370000000000000000e+03,4.480845416729751491e+02,3.110509532700690542e-04
3.371000000000000000e+03,4.482088814722657162e+02,7.494448214759211841e-04
3.372000000000000000e+03,4.483332212715563401e+02,-1.022041883017222718e-03
3.373000000000000000e+03,4.484575610708469071e+02,9.675989156907537601e-04
3.374000000000000000e+03,4.485819008701375310e+02,-1.360287523286093014e-03
3.375000000000000000e+03,4.487062406694280980e+02,-1.249731256267344387e-03
3.376000000000000000e+03,4.488305804687186651e+02,-8.939234876939358265e-04
3.377000000000000000e+03,4.489549202680092890e+02,6.590412066240645050e-04
3.378000000000000000e+03,4.490792600672998560e+02,-1.700998425260624790e-04
3.379000000000000000e+03,4.492035998665904799e+02,-5.264453008562808116e-04
3.380000000000000000e+03,4.493279396658810469e+02,-1.121214849636675186e-03
3.381000000000000000e+03,4.494522794651716140e+02,-8.564084663623576033e-04
3.382000000000000000e+03,4.495766192644622379e+02,1.374407931739828753e-03
3.383000000000000000e+03,4.497009590637528049e+02,3.232497615862421988e-05
3.384000000000000000e+03,4.498252988630433720e+02,-7.843624237568982060e-04
3.385000000000000000e+03,4.499496386623339959e+02,-1.205346372079504295e-03
3.386000000000000000e+03,4.500739784616245629e+02,-8.191720366071222371e-04
3.387000000000000000e+03,4.501983182609151868e+02,1.164111046023070997e-03
3.388000000000000000e+03,4.503226580602057538e+02,-1.284872806598849832e-03
3.389000000000000000e+03,4.504469978594963209e+02,1.025207587558389080e-03
3.390000000000000000e+03,4.505713376587869448e+02,3.059678049991047897e-04
3.391000000000000000e+03,4.506956774580775118e+02,9.456013559286243712e-04
3.392000000000000000e+03,4.508200172573681357e+02,8.126552996233324562e-04
3.393000000000000000e+03,4.509443570566587027e+02,1.193450571951004116e-03
3.394000000000000000e+03,4.510686968559492698e+02,5.950660376333746044e-04
3.395000000000000000e+03,4.511930366552398937e+02,1.643393851038951433e-04
3.396000000000000000e+03,4.513173764545304607e+02,-6.701634553156363095e-04
3.397000000000000000e+03,4.514417162538210277e+02,-1.033693772355408821e-03
3.398000000000000000e+03,4.515660560531116516e+02,-5.190830854285565258e-04
3.399000000000000000e+03,4.516903958524022187e+02,1.339920856804157007e-03
3.400000000000000000e+03,4.518147356516928426e+02,1.013252756296690498e-03
3.401000000000000000e+03,4.519390754509834096e+02,9.623329747905108849e-04
3.402000000000000000e+03,4.520634152502739767e+02,4.379635666725392772e-04
3.403000000000000000e+03,4.521877550495646005e+02,8.629396027184364250e-04
3.404000000000000000e+03,4.523120948488551676e+02,2.664013960614287566e-04
3.405000000000000000e+03,4.524364346481457915e+02,-7.765333200305843224e-04
3.406000000000000000e+03,4.525607744474363585e+02,2.460411568188977769e-04
3.407000000000000000e+03,4.526851142467269256e+02,-5.721750074170570566e-04
3.408000000000000000e+03,4.528094540460175494e+02,6.557631318368250563e-04
3.409000000000000000e+03,4.529337938453081165e+02,-8.024448116188008431e-04
3.410000000000000000e+03,4.530581336445987404e+02,1.280156810014882384e-03
3.411000000000000000e+03,4.531824734438893074e+02,-1.696158400601023130e-04
3.412000000000000000e+03,4.533068132431798745e+02,-1.222919832587213195e-03
3.413000000000000000e+03,4.534311530424704983e+02,-2.711734384250341114e-04
3.414000000000000000e+03,4.535554928417610654e+02,8.983955241030821615e-05
3.415000000000000000e+03,4.536798326410516324e+02,-1.372718092143192584e-03
3.416000000000000000e+03,4.538041724403422563e+02,-7.539254943004406557e-04
3.417000000000000000e+03,4.539285122396328234e+02,9.165503873559329448e-04
3.418000000000000000e+03,4.540528520389234473e+02,-5.960559244167655318e-04
3.419000000000000000e+03,4.541771918382140143e+02,-6.864793340807287233e-04
3.420000000000000000e+03,4.543015316375045813e+02,-1.112975963213239843e-03
3.421000000000000000e+03,4.544258714367952052e+02,1.055935395039969303e-03
3.422000000000000000e+03,4.545502112360857723e+02,9.706685145223822170e-04
3.423000000000000000e+03,4.546745510353763962e+02,-7.436415528549968805e-04
3.424000000000000000e+03,4.547988908346669632e+02,7.790410818125991866e-04
3.425000000000000000e+03,4.549232306339575302e+02,2.471677329620747829e-04
3.426000000000000000e+03,4.550475704332481541e+02,1.260305572066688484e-03
3.427000000000000000e+03,4.551719102325387212e+02,1.107952977970464098e-03
3.428000000000000000e+03,4.552962500318293451e+02,-1.083262751316861139e-03
3.429000000000000000e+03,4.554205898311199121e+02,1.292858179273329283e-03
3.430000000000000000e+03,4.555449296304104791e+02,-9.774923916340298377e-04
3.431000000000000000e+03,4.556692694297011030e+02,-1.163874644816119408e-03
3.432000000000000000e+03,4.557936092289916701e+02,-2.129997645233051081e-04
3.433000000000000000e+03,4.559179490282822371e+02,-8.628217236986295046e-04
3.434000000000000000e+03,4.560422888275728610e+02,-1.136208325778697951e-03
3.435000000000000000e+03,4.561666286268634281e+02,-5.464406291430340358e-04
3.436000000000000000e+03,4.562909684261540519e+02,5.085369691361473887e-04
3.437000000000000000e+03,4.564153082254446190e+02,-1.256219021247075105e-03
3.438000000000000000e+03,4.565396480247351860e+02,-8.157027961552505224e-04
3.439000000000000000e+03,4.566639878240258099e+02,7.737767783301631236e-04
3.440000000000000000e+03,4.567883276233163770e+02,1.038488929823017364e-03
3.441000000000000000e+03,4.569126674226070008e+02,1.382760400417315863e-03
3.442000000000000000e+03,4.570370072218975679e+02,8.626836231918993915e-04
3.443000000000000000e+03,4.571613470211881349e+02,6.856533885780055366e-04
3.444000000000000000e+03,4.572856868204787588e+02,-8.066404349968749618e-04
3.445000000000000000e+03,4.574100266197693259e+02,1.285211803810968169e-03
3.446000000000000000e+03,4.575343664190598929e+02,4.203078011474869189e-04
3.447000000000000000e+03,4.576587062183505168e+02,-1.244431178060843900e-03
3.448000000000000000e+03,4.577830460176410838e+02,8.890215952108807300e-04
3.449000000000000000e+03,4.579073858169317077e+02,5.791649838234736022e-04
3.450000000000000000e+03,4.580317256162222748e+02,-5.114011627118402766e-05
3.451000000000000000e+03,4.581560654155128418e+02,-3.072089168325676059e-04
3.452000000000000000e+03,4.582804052148034657e+02,-1.256807168233653980e-03
3.453000000000000000e+03,4.584047450140940327e+02,1.237172906774042496e-03
3.454000000000000000e+03,4.585290848133846566e+02,-1.138087410711346526e-03
3.455000000000000000e+03,4.586534246126752237e+02,-5.774795504578627680e-04
3.456000000000000000e+03,4.587777644119657907e+02,6.431002167585093271e-04
3.457000000000000000e+03,4.589021042112564146e+02,-8.265470766520290839e-04
3.458000000000000000e+03,4.590264440105469816e+02,-7.861322130997643574e-05
3.459000000000000000e+03,4.591507838098375487e+02,7.775009278241210063e-04
3.460000000000000000e+03,4.592751236091281726e+02,-4.427862337536239592e-04
3.461000000000000000e+03,4.593994634084187396e+02,-7.377197497701329853e-04
3.462000000000000000e+03,4.595238032077093635e+02,-1.192056985218437363e-03
3.463000000000000000e+03,4.596481430069999305e+02,-5.161291543609497403e-04
3.464000000000000000e+03,4.597724828062904976e+02,-1.161197355009724406e-03
3.465000000000000000e+03,4.598968226055811215e+02,3.002683435692765092e-04
3.466000000000000000e+03,4.600211624048716885e+02,4.300389852652408045e-04
3.467000000000000000e+03,4.601455022041623124e+02,-9.624987460935702796e-04
3.468000000000000000e+03,4.602698420034528795e+02,1.245197070522603786e-03
3.469000000000000000e+03,4.603941818027434465e+02,-1.139984007922798404e-03
3.470000000000000000e+03,4.605185216020340704e+02,2.272842098522472748e-04
3.471000000000000000e+03,4.606428614013246374e+02,1.043494629804249803e-04
3.472000000000000000e+03,4.607672012006152045e+02,-1.132086815964061322e-03
3.473000000000000000e+03,4.608915409999058284e+02,-1.151730101518841408e-03
3.474000000000000000e+03,4.610158807991963954e+02,-3.637180716199354220e-04
3.475000000000000000e+03,4.611402205984870193e+02,1.093998239872829943e-05
3.476000000000000000e+03,4.612645603977775863e+02,3.491591203356591709e-04
3.477000000000000000e+03,4.613889001970681534e+02,-5.524197625954762393e-05
3.478000000000000000e+03,4.615132399963587773e+02,-1.333472640009849414e-03
3.479000000000000000e+03,4.616375797956493443e+02,-1.741215259698844628e-04
3.480000000000000000e+03,4.617619195949399682e+02,5.303281396436621345e-04
3.481000000000000000e+03,4.618862593942305352e+02,1.144221999120549784e-04
3.482000000000000000e+03,4.620105991935211023e+02,6.580571459191426322e-04
3.483000000000000000e+03,4.621349389928117262e+02,-1.347115005633889263e-03
3.484000000000000000e+03,4.622592787921022932e+02,-6.608874052663185812e-05
3.485000000000000000e+03,4.623836185913928603e+02,-1.103040642240103123e-03
3.486000000000000000e+03,4.625079583906834841e+02,2.838218234233674263e-05
3.487000000000000000e+03,4.626322981899740512e+02,-4.336791270427733480e-04
3.488000000000000000e+03,4.627566379892646751e+02,1.205854720041622347e-04
3.489000000000000000e+03,4.628809777885552421e+02,-1.339447551380545075e-03
3.490000000000000000e+03,4.630053175878458092e+02,-3.034291477068208663e-04
3.491000000000000000e+03,4.631296573871364330e+02,4.651936698419924097e-05
3.492000000000000000e+03,4.632539971864270001e+02,-5.973272316515281823e-04
3.493000000000000000e+03,4.633783369857176240e+02,1.499807689807458849e-04
3.494000000000000000e+03,4.635026767850081910e+02,-3.385466542250477329e-04
3.495000000000000000e+03,4.636270165842987581e+02,-2.167105844794320335e-04
3.496000000000000000e+03,4.637513563835893819e+02,1.093465716967955553e-03
3.497000000000000000e+03,4.638756961828799490e+02,1.106375411637546035e-03
3.498000000000000000e+03,4.640000359821705729e+02,-1.155410640356948184e-03
3.499000000000000000e+03,4.641243757814611399e+02,-9.099403243984397838e-04
3.500000000000000000e+03,4.642487155807517070e+02,6.987839594131218862e-04
3.501000000000000000e+03,4.643730553800423309e+02,-9.331875122360588351e-04
3.502000000000000000e+03,4.644973951793328979e+02,-4.138337631018455007e-04
3.503000000000000000e+03,4.646217349786234649e+02,-2.017821646840167629e-04
3.504000000000000000e+03,4.647460747779140888e+02,8.098207303792757722e-04
3.505000000000000000e+03,4.648704145772046559e+02,-9.971011383630489031e-04
3.506000000000000000e+03,4.649947543764952798e+02,-5.258510445145800957e-04
3.507000000000000000e+03,4.651190941757857900e+02,-2.105199110468934857e-05
3.508000000000000000e+03,4.652434339750763570e+02,-4.937343975240607741e-04
3.509000000000000000e+03,4.653677737743668672e+02,1.840385677363741640e-04
3.510000000000000000e+03,4.654921135736574342e+02,9.886256637209678635e-04
3.511000000000000000e+03,4.656164533729479444e+02,-4.924110621465601408e-04
3.512000000000000000e+03,4.657407931722385115e+02,1.214598542845275568e-03
3.513000000000000000e+03,4.658651329715290785e+02,-1.002981082834555849e-03
3.514000000000000000e+03,4.659894727708195887e+02,2.506474204339520853e-04
3.515000000000000000e+03,4.661138125701101558e+02,1.023608904738829281e-03
3.516000000000000000e+03,4.662381523694007228e+02,-9.891108674976126659e-04
3.517000000000000000e+03,4.663624921686912330e+02,-1.280081142456915389e-05
3.518000000000000000e+03,4.664868319679818001e+02,1.455847880199616286e-04
3.519000000000000000e+03,4.666111717672723103e+02,-4.145228642038915130e-04
3.520000000000000000e+03,4.667355115665628773e+02,9.239035402837817508e-05
3.521000000000000000e+03,4.668598513658534443e+02,6.182473789140436335e-04
3.522000000000000000e+03,4.669841911651439545e+02,-1.337228359174926114e-03
3.523000000000000000e+03,4.671085309644345216e+02,-6.977254156226154851e-04
3.524000000000000000e+03,4.672328707637250318e+02,7.081514082060084547e-04
3.525000000000000000e+03,4.673572105630155988e+02,4.526053178630770808e-04
3.526000000000000000e+03,4.674815503623061659e+02,2.751499316029535572e-04
3.527000000000000000e+03,4.676058901615966761e+02,9.500012893565209083e-05
3.528000000000000000e+03,4.677302299608872431e+02,-5.981849500973775938e-04
3.529000000000000000e+03,4.678545697601778102e+02,7.903697255106713641e-04
3.530000000000000000e+03,4.679789095594683204e+02,-1.339957921200744936e-03
3.531000000000000000e+03,4.681032493587588874e+02,-3.796285877669468398e-04
3.532000000000000000e+03,4.682275891580494545e+02,4.177088202284663979e-04
3.533000000000000000e+03,4.683519289573399647e+02,7.298953702350969653e-04
3.534000000000000000e+03,4.684762687566305317e+02,2.646250273887566220e-04
3.535000000000000000e+03,4.686006085559210419e+02,1.198008342985286629e-03
3.536000000000000000e+03,4.687249483552116089e+02,-1.341612999140817230e-03
3.537000000000000000e+03,4.688492881545021760e+02,-5.442460935207778933e-04
3.538000000000000000e+03,4.689736279537926862e+02,-5.799829806237006679e-04
3.539000000000000000e+03,4.690979677530832532e+02,-9.294570201989607377e-04
3.540000000000000000e+03,4.692223075523737634e+02,1.457950274702265795e-05
3.541000000000000000e+03,4.693466473516643305e+02,-8.361828243934705737e-04
3.542000000000000000e+03,4.694709871509548975e+02,6.472283519096790408e-04
3.543000000000000000e+03,4.695953269502454077e+02,-8.543730453314278073e-04
3.544000000000000000e+03,4.697196667495359748e+02,6.963643528014259749e-04
3.545000000000000000e+03,4.698440065488265418e+02,-1.036306582375034775e-03
3.546000000000000000e+03,4.699683463481170520e+02,3.917324575599084695e-04
3.547000000000000000e+03,4.700926861474076190e+02,1.348200780158640734e-03
3.548000000000000000e+03,4.702170259466981292e+02,-9.520152440778641059e-04
3.549000000000000000e+03,4.703413657459886963e+02,-1.382245069800866927e-05
3.550000000000000000e+03,4.704657055452792633e+02,-1.188907393597270342e-03
3.551000000000000000e+03,4.705900453445697735e+02,-1.774951627947962598e-04
3.552000000000000000e+03,4.707143851438603406e+02,1.327042894785536095e-03
3.553000000000000000e+03,4.708387249431508508e+02,-3.150022178458253399e-05
3.554000000000000000e+03,4.709630647424414178e+02,-1.236027784800753683e-03
3.555000000000000000e+03,4.710874045417319849e+02,-1.196939911915805618e-03
3.556000000000000000e+03,4.712117443410224951e+02,4.369539466043002233e-04
3.557000000000000000e+03,4.713360841403130621e+02,1.081492587251913851e-03
3.558000000000000000e+03,4.714604239396036292e+02,7.498572939493770330e-04
3.559000000000000000e+03,4.715847637388941394e+02,8.415934789931238825e-04
3.560000000000000000e+03,4.717091035381847064e+02,1.042315874851036704e-03
3.561000000000000000e+03,4.718334433374752734e+02,1.335597725064570449e-03
3.562000000000000000e+03,4.719577831367657836e+02,1.105171070626916920e-03
3.563000000000000000e+03,4.720821229360563507e+02,7.691085090925117544e-04
3.564000000000000000e+03,4.722064627353468609e+02,-4.421632931254173865e-05
3.565000000000000000e+03,4.723308025346374279e+02,-1.255424699003013884e-03
3.566000000000000000e+03,4.724551423339279950e+02,8.824387272274443169e-04
3.567000000000000000e+03,4.725794821332185052e+02,-1.090977062880248670e-03
3.568000000000000000e+03,4.727038219325090722e+02,-4.206275685573468968e-04
3.569000000000000000e+03,4.728281617317995824e+02,2.155426996579702225e-04
3.570000000000000000e+03,4.729525015310901495e+02,1.349734022686978601e-03
3.571000000000000000e+03,4.730768413303807165e+02,-5.415390726987385833e-04
3.572000000000000000e+03,4.732011811296712267e+02,-9.256685613499933320e-04
3.573000000000000000e+03,4.733255209289617937e+02,5.183296997539502224e-05
3.574000000000000000e+03,4.734498607282523608e+02,-9.392095335679196506e-04
3.575000000000000000e+03,4.735742005275428710e+02,7.983418630443139038e-04
3.576000000000000000e+03,4.736985403268334380e+02,-5.504383242233297068e-04
3.577000000000000000e+03,4.738228801261239482e+02,2.763369177915007491e-04
3.578000000000000000e+03,4.739472199254145153e+02,2.242039078767191099e-04
3.579000000000000000e+03,4.740715597247050823e+02,-1.261735975463537142e-03
3.580000000000000000e+03,4.741958995239955925e+02,9.982194560986346141e-04
3.581000000000000000e+03,4.743202393232861596e+02,4.485594055439644169e-04
3.582000000000000000e+03,4.744445791225766698e+02,1.706336645777098166e-04
3.583000000000000000e+03,4.745689189218672368e+02,2.159498993978672737e-04
3.584000000000000000e+03,4.746932587211578038e+02,5.135492925728999064e-04
3.585000000000000000e+03,4.748175985204483140e+02,-3.158891635359660434e-04
3.586000000000000000e+03,4.749419383197388811e+02,1.407885632600711339e-04
3.587000000000000000e+03,4.750662781190294481e+02,-1.133570551003825876e-03
3.588000000000000000e+03,4.751906179183199583e+02,4.966742636551095807e-04
3.589000000000000000e+03,4.753149577176105254e+02,-1.376155467730161459e-03
3.590000000000000000e+03,4.754392975169010356e+02,1.417207805569518832e-04
3.591000000000000000e+03,4.755636373161916026e+02,-1.368776349064482548e-04
3.592000000000000000e+03,4.756879771154821697e+02,-1.545286204046232592e-04
3.593000000000000000e+03,4.758123169147726799e+02,-3.309626124156295679e-04
3.594000000000000000e+03,4.759366567140632469e+02,-6.202222413296007517e-04
3.595000000000000000e+03,4.760609965133538140e+02,-8.838282918329729574e-04
3.596000000000000000e+03,4.761853363126443242e+02,3.682318322018654218e-04
3.597000000000000000e+03,4.763096761119348912e+02,-6.249587904706036890e-04
3.598000000000000000e+03,4.764340159112254014e+02,-3.589126870972885385e-04
3.599000000000000000e+03,4.765583557105159684e+02,8.702436334800202128e-04
3.600000000000000000e+03,4.766826955098065355e+02,9.289451551443121419e-04
3.601000000000000000e+03,4.768070353090970457e+02,-9.680471942177909755e-05
3.602000000000000000e+03,4.769313751083876127e+02,-7.892723711533473560e-04
3.603000000000000000e+03,4.770557149076781798e+02,4.350634821290928528e-04
3.604000000000000000e+03,4.771800547069686900e+02,-1.381061547047288812e-03
3.605000000000000000e+03,4.773043945062592570e+02,-2.359021696751996639e-04
3.606000000000000000e+03,4.774287343055497672e+02,-1.225166252909813940e-03
3.607000000000000000e+03,4.775530741048403343e+02,1.042078772315239857e-03
3.608000000000000000e+03,4.776774139041309013e+02,-7.126072921056977871e-04
3.609000000000000000e+03,4.778017537034214115e+02,-9.098068150497189968e-04
3.610000000000000000e+03,4.779260935027119785e+02,-1.231601259103750311e-03
3.611000000000000000e+03,4.780504333020024887e+02,-4.668535612592815474e-04
3.612000000000000000e+03,4.781747731012930558e+02,9.458990397893034079e-04
3.613000000000000000e+03,4.782991129005836228e+02,-1.192706832439875469e-03
3.614000000000000000e+03,4.784234526998741330e+02,5.941494958248012262e-05
3.615000000000000000e+03,4.785477924991647001e+02,-5.715916632972296380e-06
3.616000000000000000e+03,4.786721322984552671e+02,1.268572562430172026e-03
3.617000000000000000e+03,4.787964720977457773e+02,-1.321001312484637157e-03
3.618000000000000000e+03,4.789208118970363444e+02,-1.205191142818825981e-03
3.619000000000000000e+03,4.790451516963268546e+02,1.143530339167146866e-03
3.620000000000000000e+03,4.791694914956174216e+02,-1.248727191999401444e-03
3.621000000000000000e+03,4.792938312949079886e+02,5.484330105306763460e-04
3.622000000000000000e+03,4.794181710941984988e+02,-3.118548176587791982e-04
3.623000000000000000e+03,4.795425108934890659e+02,-7.199635463059823361e-04
3.624000000000000000e+03,4.796668506927796329e+02,5.861337582974239513e-04
3.625000000000000000e+03,4.797911904920701431e+02,1.367726639562844189e-03
3.626000000000000000e+03,4.799155302913607102e+02,1.276990535948466579e-03
3.627000000000000000e+03,4.800398700906512204e+02,7.489033131757368445e-04
3.628000000000000000e+03,4.801642098899417874e+02,-5.457663380118918514e-04
3.629000000000000000e+03,4.802885496892323545e+02,1.193316183109234844e-03
3.630000000000000000e+03,4.804128894885228647e+02,-4.358774243685258217e-04
3.631000000000000000e+03,4.805372292878134317e+02,-1.347403931330910505e-04
3.632000000000000000e+03,4.806615690871039988e+02,1.041834273012134330e-03
3.633000000000000000e+03,4.807859088863945090e+02,-9.981997859208858407e-04
3.634000000000000000e+03,4.809102486856850760e+02,2.258834110014380076e-04
3.635000000000000000e+03,4.810345884849755862e+02,2.515384212441026317e-04
3.636000000000000000e+03,4.811589282842661532e+02,5.499197205915060116e-04
3.637000000000000000e+03,4.812832680835567203e+02,2.182406649650130331e-06
3.638000000000000000e+03,4.814076078828472305e+02,4.493622953600212968e-04
3.639000000000000000e+03,4.815319476821377975e+02,7.644678622251345089e-04
3.640000000000000000e+03,4.816562874814283646e+02,9.307254156957896164e-04
3.641000000000000000e+03,4.817806272807188748e+02,4.865782946561649077e-04
3.642000000000000000e+03,4.819049670800094418e+02,4.260375067199138996e-04
3.643000000000000000e+03,4.820293068792999520e+02,-2.795895039793993197e-05
3.644000000000000000e+03,4.821536466785905191e+02,-7.529060902006092610e-04
3.645000000000000000e+03,4.822779864778810861e+02,6.991658542865113960e-04
3.646000000000000000e+03,4.824023262771715963e+02,-6.862181417496501529e-04
3.647000000000000000e+03,4.825266660764621633e+02,-5.293610502292173808e-04
3.648000000000000000e+03,4.826510058757526735e+02,1.962259759637057248e-04
3.649000000000000000e+03,4.827753456750432406e+02,-4.435970827764861338e-04
3.650000000000000000e+03,4.828996854743338076e+02,-1.364540517539193599e-03
3.651000000000000000e+03,4.830240252736243178e+02,1.150722947738531173e-03
3.652000000000000000e+03,4.831483650729148849e+02,-1.040567284783171925e-03
3.653000000000000000e+03,4.832727048722054519e+02,2.012681233399995346e-04
3.654000000000000000e+03,4.833970446714959621e+02,-1.181534697228471716e-04
3.655000000000000000e+03,4.835213844707865292e+02,5.762789886869771781e-04
3.656000000000000000e+03,4.836457242700770394e+02,-1.174888129226638197e-04
3.657000000000000000e+03,4.837700640693676064e+02,3.429744847540286521e-04
3.658000000000000000e+03,4.838944038686581735e+02,1.186446084426461987e-03
3.659000000000000000e+03,4.840187436679486837e+02,-9.453033885144809887e-05
3.660000000000000000e+03,4.841430834672392507e+02,-1.169447674902479334e-04
3.661000000000000000e+03,4.842674232665298177e+02,4.015277851661822810e-04
3.662000000000000000e+03,4.843917630658203279e+02,-2.282596293625543927e-04
3.663000000000000000e+03,4.845161028651108950e+02,-2.816687899391567308e-04
3.664000000000000000e+03,4.846404426644014052e+02,-9.542727041844827930e-04
3.665000000000000000e+03,4.847647824636919722e+02,7.166571833997083902e-04
3.666000000000000000e+03,4.848891222629825393e+02,4.840799272467577132e-05
3.667000000000000000e+03,4.850134620622730495e+02,-9.399408236238881694e-04
3.668000000000000000e+03,4.851378018615636165e+02,9.626812576178751194e-04
3.669000000000000000e+03,4.852621416608541836e+02,-4.584414690723328124e-04
3.670000000000000000e+03,4.853864814601446938e+02,1.371617102850002925e-03
3.671000000000000000e+03,4.855108212594352608e+02,-4.659774656782288349e-05
3.672000000000000000e+03,4.856351610587257710e+02,-2.775329095789730522e-04
3.673000000000000000e+03,4.857595008580163380e+02,3.633904504312694878e-04
3.674000000000000000e+03,4.858838406573069051e+02,1.130366149589534389e-03
3.675000000000000000e+03,4.860081804565974153e+02,7.050131574412936387e-05
3.676000000000000000e+03,4.861325202558879823e+02,-1.284150346214707038e-03
3.677000000000000000e+03,4.862568600551784925e+02,-1.064178741495152647e-03
3.678000000000000000e+03,4.863811998544690596e+02,-2.582951221488091536e-04
3.679000000000000000e+03,4.865055396537596266e+02,7.970314739220690347e-04
3.680000000000000000e+03,4.866298794530501368e+02,-2.827922770855554810e-04
3.681000000000000000e+03,4.867542192523407039e+02,-3.918178684856307758e-04
3.682000000000000000e+03,4.868785590516312709e+02,3.592553136213844523e-04
3.683000000000000000e+03,4.870028988509217811e+02,1.155492294958995313e-03
3.684000000000000000e+03,4.871272386502123481e+02,5.662832028409073726e-04
3.685000000000000000e+03,4.872515784495028583e+02,4.629503409330470976e-04
3.686000000000000000e+03,4.873759182487934254e+02,2.681613640168733896e-04
3.687000000000000000e+03,4.875002580480839924e+02,1.241720010440493498e-03
3.688000000000000000e+03,4.876245978473745026e+02,-6.285017031157996920e-04
3.689000000000000000e+03,4.877489376466650697e+02,5.598046530082592372e-04
3.690000000000000000e+03,4.878732774459556367e+02,1.260040607471470510e-03
3.691000000000000000e+03,4.879976172452461469e+02,-1.988681222802511314e-04
3.692000000000000000e+03,4.881219570445367140e+02,1.013314438474360738e-03
3.693000000000000000e+03,4.882462968438272242e+02,4.979947797275132175e-04
3.694000000000000000e+03,4.883706366431177912e+02,-1.342362099360870165e-03
3.695000000000000000e+03,4.884949764424083583e+02,-4.505377770354511598e-04
3.696000000000000000e+03,4.886193162416988685e+02,-1.107475930313930185e-03
3.697000000000000000e+03,4.887436560409894355e+02,-1.002004632077909270e-04
3.698000000000000000e+03,4.888679958402800025e+02,4.877105967376691841e-04
3.699000000000000000e+03,4.889923356395705127e+02,-7.344748996559082987e-04
3.700000000000000000e+03,4.891166754388610798e+02,6.838362454926237913e-04
3.701000000000000000e+03,4.892410152381515900e+02,-1.189102979344559049e-03
3.702000000000000000e+03,4.893653550374421570e+02,8.938685379272016170e-04
3.703000000000000000e+03,4.894896948367327241e+02,8.144401029804366121e-04
3.704000000000000000e+03,4.896140346360232343e+02,1.872984113922038533e-04
3.705000000000000000e+03,4.897383744353138013e+02,2.871128493741370081e-04
3.706000000000000000e+03,4.898627142346043115e+02,-8.158638430533649705e-04
3.707000000000000000e+03,4.899870540338948786e+02,3.054860134482233246e-04
3.708000000000000000e+03,4.901113938331854456e+02,6.196518326868555911e-04
3.709000000000000000e+03,4.902357336324759558e+02,-3.808012227590765403e-04
3.709114999999999782e+03,4.902500327093943611e+02,1.284640888919538759e-03
3.710000000000000000e+03,4.903600734317670344e+02,3.085859587139782147e-04
3.711000000000000000e+03,4.904844132310574878e+02,9.581444376100870224e-04
3.712000000000000000e+03,4.906087530303480548e+02,2.840712996717185902e-05
3.713000000000000000e+03,4.907330928296386787e+02,1.827493654077731939e-04
3.714000000000000000e+03,4.908574326289293595e+02,-5.695079672690297589e-04
3.715000000000000000e+03,4.909817724282196991e+02,-1.101098706391334756e-03
3.716000000000000000e+03,4.911061122275102662e+02,4.338505515302864494e-04
3.717000000000000000e+03,4.912304520268008332e+02,-1.005032190276175996e-03
3.718000000000000000e+03,4.913547918260912866e+02,-1.240648072914939072e-03
3.719000000000000000e+03,4.914791316253818536e+02,7.587154424665655322e-04
3.720000000000000000e+03,4.916034714246727617e+02,7.544129655717264019e-04
3.721000000000000000e+03,4.917278112239629309e+02,1.229260567056626079e-03
3.722000000000000000e+03,4.918521510232536116e+02,-9.753065276893995578e-04
3.723000000000000000e+03,4.919764908225441218e+02,4.870109426845021963e-04
3.724000000000000000e+03,4.921008306218346320e+02,4.194650950826276942e-04
3.725000000000000000e+03,4.922251704211249717e+02,1.134683205494710486e-03
3.726000000000000000e+03,4.923495102204149134e+02,1.569555642512295184e-05
3.727000000000000000e+03,4.924738500197017856e+02,-5.739021078916054213e-04
3.728000000000000000e+03,4.925981898189738217e+02,-6.284225547229871714e-04
3.729000000000000000e+03,4.927225296181826479e+02,-3.556278439601094957e-05
3.730000000000000000e+03,4.928468694171471043e+02,6.510615700865623546e-05
3.731000000000000000e+03,4.929712092152697096e+02,-1.311629236235595025e-03
3.732000000000000000e+03,4.930955490107483570e+02,-1.437133813265022055e-04
3.733000000000000000e+03,4.932198887984728799e+02,8.961179642038107464e-04
3.734000000000000000e+03,4.933442285644648564e+02,-3.546901898519278060e-04
3.735000000000000000e+03,4.934685682773269946e+02,1.189646396305207333e-03
3.736000000000000000e+03,4.935929078711489524e+02,1.067626870362195198e-03
3.737000000000000000e+03,4.937172472110566446e+02,9.940033584146506368e-04
3.738000000000000000e+03,4.938415860400830297e+02,6.132782617627546796e-04
3.739000000000000000e+03,4.939659238860681967e+02,-1.360491875683449712e-03
3.740000000000000000e+03,4.940902599453100947e+02,6.173442667543913931e-04
3.741000000000000000e+03,4.942145928831030233e+02,1.056734482334113767e-03
3.742000000000000000e+03,4.943389205720332598e+02,3.033681001431955343e-04
3.743000000000000000e+03,4.944632397456316539e+02,-6.142670915478891077e-04
3.744000000000000000e+03,4.945875455838220773e+02,9.900291870863365661e-04
3.745000000000000000e+03,4.947118311828024275e+02,6.985720139346770401e-04
3.746000000000000000e+03,4.948360869145245147e+02,1.236209993498055357e-03
3.747000000000000000e+03,4.949602997460164033e+02,1.262054432119876640e-03
3.748000000000000000e+03,4.950844524801766511e+02,-1.084361868959143188e-03
3.749000000000000000e+03,4.952085229814921945e+02,-2.578424693734633302e-05
3.750000000000000000e+03,4.953324833258658373e+02,7.017228931135836324e-04
3.751000000000000000e+03,4.954562990533466973e+02,-3.949634449292861423e-04
3.752000000000000000e+03,4.955799284584672364e+02,-6.268563990222293918e-04
3.753000000000000000e+03,4.957033219392072851e+02,2.823700684965223056e-04
3.754000000000000000e+03,4.958264215173047091e+02,-4.458140310398462009e-04
3.755000000000000000e+03,4.959491605158625021e+02,-6.598378050485602907e-04
3.756000000000000000e+03,4.960714634082477801e+02,4.947505076871505300e-04
3.757000000000000000e+03,4.961932458202850285e+02,-9.384697337328495057e-05
3.758000000000000000e+03,4.963144147786923099e+02,1.104214188187458952e-03
3.759000000000000000e+03,4.964348692129767642e+02,1.313293755574585419e-03
3.760000000000000000e+03,4.965545005676424353e+02,1.057687417603276258e-03
3.761000000000000000e+03,4.966731936494295496e+02,1.235706775607128046e-03
3.762000000000000000e+03,4.967908275399384479e+02,1.197645908254785620e-03
3.763000000000000000e+03,4.969072768618085547e+02,8.254884482511155690e-04
3.764000000000000000e+03,4.970224129550402381e+02,-6.815596597130746262e-04
3.765000000000000000e+03,4.971361052112775383e+02,-1.361816935855645434e-03
3.766000000000000000e+03,4.972482224212084816e+02,-2.656589073325821312e-05
3.767000000000000000e+03,4.973586342163040968e+02,2.380497185910783757e-04
3.768000000000000000e+03,4.974672124175655767e+02,3.128418124664423313e-04
3.769000000000000000e+03,4.975738323609679696e+02,-6.210647862553291291e-04
3.770000000000000000e+03,4.976783741707918693e+02,9.770610575020215790e-04
3.771000000000000000e+03,4.977807239473571030e+02,4.423145923580405151e-04
3.772000000000000000e+03,4.978807747768129843e+02,6.902078492460422777e-04
3.773000000000000000e+03,4.979784274414426477e+02,1.137974785623703609e-03
3.774000000000000000e+03,4.980735915735169783e+02,-1.042733492721640729e-03
3.775000000000000000e+03,4.981661863407916826e+02,8.223370186875727812e-04
3.776000000000000000e+03,4.982561413827888259e+02,-1.019196447824833847e-03
3.777000000000000000e+03,4.983433969094825784e+02,-9.428986060217137795e-04
3.778000000000000000e+03,4.984279018576708609e+02,1.030362785949397522e-03
3.779000000000000000e+03,4.985096185540924125e+02,1.240154553365766226e-03
3.780000000000000000e+03,4.985885170757808282e+02,-8.532514643601954440e-04
3.781000000000000000e+03,4.986645806254856552e+02,-1.221936972785943668e-03
3.782000000000000000e+03,4.987378010716975609e+02,1.107453992080477010e-03
3.783000000000000000e+03,4.988081800774481280e+02,5.120147133536012132e-04
3.784000000000000000e+03,4.988757299718478180e+02,3.813358639471054324e-04
3.785000000000000000e+03,4.989404701115639682e+02,4.154319516426688156e-04
3.786000000000000000e+03,4.990024303769673111e+02,-1.098038281260043433e-03
3.787000000000000000e+03,4.990616464674392887e+02,7.961982260795432385e-04
3.788000000000000000e+03,4.991181628314117802e+02,-1.122034093432982323e-03
3.789000000000000000e+03,4.991720297447895973e+02,8.350355411627076669e-04
3.790000000000000000e+03,4.992233032473775438e+02,-1.036254466629913436e-03
3.791000000000000000e+03,4.992720450957115759e+02,-9.937939878323458470e-04
3.792000000000000000e+03,4.993183210104611476e+02,-1.097934062492715059e-03
3.793000000000000000e+03,4.993622010526746067e+02,-1.359858031082128702e-05
3.794000000000000000e+03,4.994037583381689274e+02,-2.956743512089805197e-04
3.795000000000000000e+03,4.994430686177603889e+02,-1.239242344791764141e-03
3.796000000000000000e+03,4.994802098015332490e+02,-1.157540720011959864e-03
3.797000000000000000e+03,4.995152613155787549e+02,-6.548966608829856787e-04
3.798000000000000000e+03,4.995483033940475366e+02,6.864114180443301079e-04
3.799000000000000000e+03,4.995794172827272632e+02,1.268183469364084692e-03
3.800000000000000000e+03,4.996086836502208257e+02,8.068768150804011673e-04
3.801000000000000000e+03,4.996361836609884222e+02,8.215593473874533564e-04
3.802000000000000000e+03,4.996619971106009075e+02,7.572018265108125794e-05
3.803000000000000000e+03,4.996862031447790287e+02,1.115372491476873413e-03
3.804000000000000000e+03,4.997088797459340981e+02,-6.445190185306043514e-05
3.805000000000000000e+03,4.997301029018828444e+02,6.415304114681396903e-04
3.806000000000000000e+03,4.997499475433334055e+02,-7.593125114404476609e-04
3.807000000000000000e+03,4.997684858384605491e+02,6.741302639724917314e-05
3.808000000000000000e+03,4.997857886638009290e+02,1.336589545042201265e-03
3.809000000000000000e+03,4.998019240295942041e+02,-1.038020969696271372e-03
3.810000000000000000e+03,4.998169578731877323e+02,-8.109684216108390331e-04
3.811000000000000000e+03,4.998309538702765167e+02,7.945486254286905636e-04
3.812000000000000000e+03,4.998439728245321589e+02,1.319261097531189463e-03
3.813000000000000000e+03,4.998560735927318888e+02,-6.861982508923607661e-04
3.814000000000000000e+03,4.998673119347829470e+02,1.121040955659168351e-03
3.815000000000000000e+03,4.998777416102448115e+02,-6.926560761293464692e-04
3.816000000000000000e+03,4.998874135231638434e+02,-1.216650462124201212e-03
3.817000000000000000e+03,4.998963762256208270e+02,-8.271146466673653767e-04
3.818000000000000000e+03,4.999046759412042888e+02,1.210959550003876811e-03
3.819000000000000000e+03,4.999123562799290994e+02,1.379105315619720291e-03
3.820000000000000000e+03,4.999194588036832556e+02,-1.689063453368430505e-04
3.821000000000000000e+03,4.999260225349855773e+02,-6.543613141519107621e-04
3.822000000000000000e+03,4.999320845216994371e+02,5.377018291925595795e-04
3.823000000000000000e+03,4.999376795548637915e+02,3.854213556018917862e-04
3.824000000000000000e+03,4.999428404159887691e+02,2.807824960893526311e-04
3.825000000000000000e+03,4.999475979710111915e+02,-1.330743533329660933e-03
3.826000000000000000e+03,4.999519811190472183e+02,-7.777397092518063219e-04
3.827000000000000000e+03,4.999560170430316930e+02,1.192102468295942828e-03
3.828000000000000000e+03,4.999597311385355738e+02,1.111980821468665703e-03
3.829000000000000000e+03,4.999631472002417354e+02,1.241560395305047219e-03
3.830000000000000000e+03,4.999662874524015592e+02,2.341462539951735984e-04
3.831000000000000000e+03,4.999691726419745237e+02,-3.338542180295740150e-04
3.832000000000000000e+03,4.999718221216220400e+02,4.561473754627179454e-04
3.833000000000000000e+03,4.999742539087213800e+02,9.443805322015291380e-04
3.834000000000000000e+03,4.999764846857654561e+02,-2.326396882268106986e-04
3.835000000000000000e+03,4.999785300780485500e+02,-3.631113317270933858e-04
3.836000000000000000e+03,4.999804045785937774e+02,-4.173622580759620828e-04
3.837000000000000000e+03,4.999821216663935388e+02,9.457233424175935047e-04
3.838000000000000000e+03,4.999836937479162202e+02,4.136924243546693603e-04
3.839000000000000000e+03,4.999851323332014204e+02,9.606980997746624460e-04
3.840000000000000000e+03,4.999864482782404593e+02,1.126245156486944173e-03
3.841000000000000000e+03,4.999876516373066693e+02,-7.956724932624616728e-04
3.842000000000000000e+03,4.999887518085038209e+02,4.847115485888685879e-04
3.843000000000000000e+03,4.999897565128226802e+02,8.391872326586334889e-04
3.844000000000000000e+03,4.999906739020510145e+02,1.319874116983245534e-03
3.845000000000000000e+03,4.999915114629040431e+02,-5.038789885583313611e-04
3.846000000000000000e+03,4.999922761078148028e+02,1.350345187757127528e-03
3.847000000000000000e+03,4.999929740862586982e+02,3.961959784854970652e-04
3.848000000000000000e+03,4.999936099192392476e+02,-7.558620575481836065e-04
3.849000000000000000e+03,4.999941896057762847e+02,-2.419500925858510945e-04
3.850000000000000000e+03,4.999947181098112878e+02,7.349650376398797870e-04
3.851000000000000000e+03,4.999952001010543086e+02,-2.424629139128250943e-04
3.852000000000000000e+03,4.999956392215561891e+02,2.753092693849591667e-04
3.853000000000000000e+03,4.999960386456806987e+02,6.137493733729690662e-04
3.854000000000000000e+03,4.999964023272147529e+02,1.309178544756013120e-03
3.855000000000000000e+03,4.999967335169021680e+02,-1.786940348077387705e-04
3.856000000000000000e+03,4.999970352778067877e+02,-1.182675228164204031e-04
3.857000000000000000e+03,4.999973094638112912e+02,-2.855044004088905696e-04
3.858000000000000000e+03,4.999975586702857413e+02,2.432996752218742522e-05
3.859000000000000000e+03,4.999977852839334673e+02,-1.302342518506456473e-03
3.860000000000000000e+03,4.999979914186775432e+02,-5.047383197419273975e-04
3.861000000000000000e+03,4.999981789669157024e+02,-1.106671753983690630e-03
3.862000000000000000e+03,4.999983489364957450e+02,1.186264442716626838e-03
3.863000000000000000e+03,4.999985032750188338e+02,-1.485940229996134381e-04
3.864000000000000000e+03,4.999986434545708107e+02,-3.452064779236027397e-04
3.865000000000000000e+03,4.999987708771051871e+02,-1.375162990064298643e-03
3.866000000000000000e+03,4.999988865374832585e+02,9.630644822715871611e-04
3.867000000000000000e+03,4.999989912031730341e+02,6.884511433218490437e-04
3.868000000000000000e+03,4.999990861439669629e+02,3.822198265170654490e-04
3.869000000000000000e+03,4.999991723313546572e+02,8.974798299440486706e-04
3.870000000000000000e+03,4.999992507038269309e+02,-4.133750432763311596e-05
3.871000000000000000e+03,4.999993215916800864e+02,-1.596696454786246166e-05
3.872000000000000000e+03,4.999993857529466368e+02,2.159155967997678166e-04
3.873000000000000000e+03,4.999994439366533925e+02,8.454805069942555136e-04
3.874000000000000000e+03,4.999994967667108199e+02,6.588548146665160546e-04
3.875000000000000000e+03,4.999995448004673335e+02,7.769068879826798507e-04
3.876000000000000000e+03,4.999995881283157928e+02,-1.000425676575805462e-03
3.877000000000000000e+03,4.999996273894844308e+02,-2.740336754450017659e-04
3.878000000000000000e+03,4.999996629871687333e+02,8.005532437091898365e-04
3.879000000000000000e+03,4.999996953045009036e+02,3.017804820387261287e-04
3.880000000000000000e+03,4.999997246025841378e+02,-7.419563977441939132e-04
3.881000000000000000e+03,4.999997510486457486e+02,-7.935846003195592101e-04
3.882000000000000000e+03,4.999997749926462802e+02,1.163513541215368879e-03
3.883000000000000000e+03,4.999997966829428151e+02,-1.327012732534904940e-03
3.884000000000000000e+03,4.999998163572651038e+02,5.328950329446668780e-04
3.885000000000000000e+03,4.999998341169273317e+02,-2.891362428571294849e-04
3.886000000000000000e+03,4.999998501455989413e+02,8.859771367970437767e-04
3.887000000000000000e+03,4.999998646377239311e+02,8.721842751427135408e-04
3.888000000000000000e+03,4.999998777561630732e+02,5.128259501794543880e-04
3.889000000000000000e+03,4.999998896511659154e+02,-2.711792156178074358e-04
3.890000000000000000e+03,4.999999003290447490e+02,-1.260622146448736255e-03
3.891000000000000000e+03,4.999999099695842801e+02,-1.152635019655480096e-03
3.892000000000000000e+03,4.999999186848413615e+02,-5.599696374359471301e-04
3.893000000000000000e+03,4.999999265853150519e+02,-2.776315260077986502e-04
3.894000000000000000e+03,4.999999337355938565e+02,1.005825814897628014e-03
3.895000000000000000e+03,4.999999401527130658e+02,-1.107200423026611594e-03
3.896000000000000000e+03,4.999999459519764855e+02,8.018910505299229078e-04
3.897000000000000000e+03,4.999999512034233362e+02,-1.044423052860708485e-03
3.898000000000000000e+03,4.999999559755431733e+02,-2.636751072323378084e-04
3.899000000000000000e+03,4.999999602793586178e+02,-1.124359259842634511e-03
3.900000000000000000e+03,4.999999641583416405e+02,-4.022158916580072328e-04
3.901000000000000000e+03,4.999999676675743103e+02,1.653105853377676232e-04
3.902000000000000000e+03,4.999999708458697114e+02,6.162279347784938759e-04
3.903000000000000000e+03,4.999999737284764478e+02,2.950545176359093400e-04
3.904000000000000000e+03,4.999999763125663890e+02,-1.049919889208080067e-03
3.905000000000000000e+03,4.999999786367480397e+02,-1.244053549480716742e-03
3.906000000000000000e+03,4.999999807212786891e+02,-1.381839340191494923e-03
3.907000000000000000e+03,4.999999825842211862e+02,-6.197175450821815288e-04
3.908000000000000000e+03,4.999999842419154561e+02,9.708819282227134717e-04
3.909000000000000000e+03,4.999999857094501863e+02,2.630360775375817904e-04
3.910000000000000000e+03,4.999999870011343432e+02,1.008146665982144778e-03
3.911000000000000000e+03,4.999999881309690295e+02,7.013637873765045860e-04
3.912000000000000000e+03,4.999999891131188292e+02,4.255865872750868380e-04
3.913000000000000000e+03,4.999999899559645655e+02,1.092973999326092268e-03
3.914000000000000000e+03,4.999999906746316469e+02,-9.966001736356809668e-04
3.915000000000000000e+03,4.999999912872050345e+02,4.502298666496937565e-04
3.916000000000000000e+03,4.999999918114888828e+02,-2.517200611602264421e-04
3.917000000000000000e+03,4.999999922675581843e+02,8.285205978761824974e-04
3.918000000000000000e+03,4.999999926782145963e+02,4.074670383023168511e-05
3.919000000000000000e+03,4.999999930694423824e+02,-8.548220640448722521e-04
3.920000000000000000e+03,4.999999934708637284e+02,1.123502675303933397e-03
3.921000000000000000e+03,4.999999939161946259e+02,-1.070942412727485726e-03
3.922000000000000000e+03,4.999999943271557186e+02,6.035253043130034455e-04
3.923000000000000000e+03,4.999999945269489103e+02,-5.586796653151231661e-04
3.924000000000000000e+03,4.999999946968914060e+02,-1.308051011834401043e-03
3.925000000000000000e+03,4.999999948444221332e+02,1.323935768931106330e-03
3.926000000000000000e+03,4.999999949774086190e+02,-8.599386680032384232e-04
3.927000000000000000e+03,4.999999951042775024e+02,5.340078021013836560e-04
3.928000000000000000e+03,4.999999952341444782e+02,-1.156616128640794265e-03
3.929000000000000000e+03,4.999999953769443550e+02,2.600429693492702738e-04
3.930000000000000000e+03,4.999999955435607149e+02,-1.184886595822567078e-03
3.931000000000000000e+03,4.999999957459569373e+02,7.089663354160322985e-04
3.932000000000000000e+03,4.999999958942602234e+02,-1.689747238217386696e-04
3.933000000000000000e+03,4.999999960498321911e+02,6.050668390637525704e-05
3.934000000000000000e+03,4.999999962148220902e+02,-1.220870833751052341e-03
3.935000000000000000e+03,4.999999963899414865e+02,-7.607633362190852544e-04
3.936000000000000000e+03,4.999999965753852962e+02,9.619001475690228814e-04
3.937000000000000000e+03,4.999999967708328654e+02,9.678781314134205426e-04
3.938000000000000000e+03,4.999999969754471749e+02,-1.084203914702249654e-03
3.939000000000000000e+03,4.999999971878752945e+02,2.042849307273015419e-04
3.940000000000000000e+03,4.999999974062478714e+02,1.288309359342981871e-03
3.941000000000000000e+03,4.999999975929765128e+02,-2.309123971360953318e-04
3.942000000000000000e+03,4.999999977535196649e+02,-6.833166416566458954e-04
3.943000000000000000e+03,4.999999979055950803e+02,8.773275844235477617e-04
3.944000000000000000e+03,4.999999980481821922e+02,-1.388195556669564882e-03
3.945000000000000000e+03,4.999999981802603202e+02,-2.134821657581519147e-04
3.946000000000000000e+03,4.999999983008087270e+02,1.249791523006446624e-03
3.947000000000000000e+03,4.999999984088067322e+02,-1.192668086167975776e-04
3.948000000000000000e+03,4.999999985032336554e+02,-4.143979958844191437e-04
3.949000000000000000e+03,4.999999985830688729e+02,4.264075901870164036e-04
3.950000000000000000e+03,4.999999986472914770e+02,-9.125534658164709560e-05
3.951000000000000000e+03,4.999999986948810715e+02,9.772128346265912362e-04
3.952000000000000000e+03,4.999999987248168054e+02,2.908097065233771839e-04
3.953000000000000000e+03,4.999999987360779983e+02,7.397906090118890315e-04
3.954000000000000000e+03,4.999999987276439697e+02,-1.142073851231593419e-03
3.955000000000000000e+03,4.999999986984940392e+02,4.120345473297244905e-04
3.956000000000000000e+03,4.999999986476075264e+02,-1.253594531701430299e-03
3.957000000000000000e+03,4.999999985739636372e+02,-3.951155852140552488e-04
3.958000000000000000e+03,4.999999984765418617e+02,-1.125041102644489064e-03
3.959000000000000000e+03,4.999999983543214626e+02,-6.766787001721581013e-04
3.960000000000000000e+03,4.999999983867023730e+02,3.566502002970557651e-04
3.961000000000000000e+03,4.999999984336282637e+02,1.334555886869364478e-03
3.962000000000000000e+03,4.999999984806630664e+02,1.375882637181412163e-03
3.963000000000000000e+03,4.999999985278067811e+02,1.151807883025195796e-04
3.964000000000000000e+03,4.999999985750595215e+02,-8.141573846521660534e-04
3.965000000000000000e+03,4.999999986224210602e+02,7.088714319641009327e-05
3.966000000000000000e+03,4.999999986698916246e+02,3.027136637484994413e-04
3.967000000000000000e+03,4.999999987174711009e+02,-5.296872486422131952e-04
3.968000000000000000e+03,4.999999987651595461e+02,-1.088041556281944648e-03
3.969000000000000000e+03,4.999999988129568465e+02,-1.369222705222314374e-03
3.970000000000000000e+03,4.999999988608631156e+02,-7.975966767446142575e-04
3.971000000000000000e+03,4.999999989088782968e+02,6.218429745829249415e-04
3.972000000000000000e+03,4.999999989570025036e+02,8.718857718542937819e-04
3.973000000000000000e+03,4.999999990052355656e+02,-1.790267538417671025e-04
3.974000000000000000e+03,4.999999990535775964e+02,-8.567908446117711080e-04
3.975000000000000000e+03,4.999999991020285393e+02,-2.104015837636649916e-04
3.976000000000000000e+03,4.999999991505884509e+02,1.637839092994854259e-04
3.977000000000000000e+03,4.999999991992572177e+02,-3.490786058359654953e-04
3.978000000000000000e+03,4.999999992480350102e+02,-1.048217327871983845e-03
3.979000000000000000e+03,4.999999992969216578e+02,8.415416174948988129e-05
3.980000000000000000e+03,4.999999993459173311e+02,-1.758756189022359171e-04
3.981000000000000000e+03,4.999999993950218595e+02,-4.204469621432983481e-04
3.982000000000000000e+03,4.999999994442353568e+02,8.212933162106655742e-04
3.983000000000000000e+03,4.999999994935577661e+02,2.947212201125785675e-04
3.984000000000000000e+03,4.999999995429891442e+02,1.245305377779085078e-03
3.985000000000000000e+03,4.999999995925294343e+02,1.350831278581270502e-03
3.986000000000000000e+03,4.999999996421786932e+02,4.389899793100969180e-04
3.987000000000000000e+03,4.999999996919368641e+02,1.032598251139642091e-03
3.988000000000000000e+03,4.999999997418039470e+02,-3.250746441081487194e-04
3.989000000000000000e+03,4.999999997917800556e+02,3.736985879156013059e-05
3.990000000000000000e+03,4.999999998418649625e+02,1.361936795509809291e-03
3.991000000000000000e+03,4.999999998920588951e+02,-6.114371488028342520e-04
3.992000000000000000e+03,4.999999999423617396e+02,6.718526721404138738e-04
3.993000000000000000e+03,4.999999999927735530e+02,-4.341598753165554453e-04
3.994000000000000000e+03,5.000000000432942215e+02,-7.762478121960851097e-04
3.995000000000000000e+03,5.000000000939239158e+02,1.623644566116617222e-04
3.996000000000000000e+03,5.000000001446624651e+02,-9.956835567129255701e-04
3.997000000000000000e+03,5.000000001693770741e+02,-1.368023436172074916e-03
3.998000000000000000e+03,5.000000001677265686e+02,5.618661466293159521e-04
3.999000000000000000e+03,5.000000001660760631e+02,-1.069410347226815898e-03
4.000000000000000000e+03,5.000000001644255576e+02,-6.417125238421973873e-04
4.001000000000000000e+03,5.000000001627751089e+02,-6.782046351130921772e-04
4.002000000000000000e+03,5.000000001611246034e+02,-1.020167534007701332e-03
4.003000000000000000e+03,5.000000001594740979e+02,1.353385775649178051e-03
4.004000000000000000e+03,5.000000001578235924e+02,-1.254318143472590505e-03
4.005000000000000000e+03,5.000000001561730869e+02,5.301483941839372615e-04
4.006000000000000000e+03,5.000000001545225814e+02,-2.225682296304053694e-05
4.007000000000000000e+03,5.000000001528720759e+02,-5.374609389478580707e-04
4.008000000000000000e+03,5.000000001512215704e+02,-1.144919752758963906e-04
4.009000000000000000e+03,5.000000001495710649e+02,1.071292979427537068e-03
4.010000000000000000e+03,5.000000001479205594e+02,3.540869503297987796e-04
4.011000000000000000e+03,5.000000001462700538e+02,6.736135572905576577e-04
4.012000000000000000e+03,5.000000001446195483e+02,-2.996238948215939929e-04
4.013000000000000000e+03,5.000000001429690428e+02,8.411426038823190598e-04
4.014000000000000000e+03,5.000000001413185373e+02,-8.181337183651620285e-04
4.015000000000000000e+03,5.000000001396680318e+02,1.131813885292837479e-03
4.016000000000000000e+03,5.000000001380175263e+02,-6.499137770250453363e-04
4.017000000000000000e+03,5.000000001363670208e+02,-6.954285623458489199e-04
4.018000000000000000e+03,5.000000001347165153e+02,-6.299511875548446070e-04
4.019000000000000000e+03,5.000000001330660098e+02,8.372642524860343573e-04
4.020000000000000000e+03,5.000000001314155043e+02,8.221342034653959796e-04
4.021000000000000000e+03,5.000000001297649987e+02,-5.435748924439617316e-04
4.022000000000000000e+03,5.000000001281144932e+02,-1.871953419599127306e-06
4.023000000000000000e+03,5.000000001264639877e+02,9.107665316445027548e-04
4.024000000000000000e+03,5.000000001248134822e+02,6.270997837195349013e-04
4.025000000000000000e+03,5.000000001231629767e+02,1.385023841232065327e-03
4.026000000000000000e+03,5.000000001215124712e+02,1.362016557269071131e-03
4.027000000000000000e+03,5.000000001198619657e+02,1.469028541827248748e-04
4.028000000000000000e+03,5.000000001182114602e+02,6.274544882356634327e-04
4.029000000000000000e+03,5.000000001165609547e+02,6.628558965562524790e-04
4.030000000000000000e+03,5.000000001149104492e+02,-7.879379489858333308e-04
4.031000000000000000e+03,5.000000001132599436e+02,-1.287625148704502195e-03
4.032000000000000000e+03,5.000000001116094381e+02,9.885200184927896584e-04
4.033000000000000000e+03,5.000000001099589326e+02,7.402879507713126545e-05
4.034000000000000000e+03,5.000000001083084271e+02,5.684388565968533395e-04
4.035000000000000000e+03,5.000000001066579216e+02,6.624963333374729070e-04
4.036000000000000000e+03,5.000000001050074161e+02,1.239888546861108621e-05
4.037000000000000000e+03,5.000000001033569106e+02,-1.032448864946283696e-03
4.038000000000000000e+03,5.000000001017064051e+02,-3.760153581274158492e-04
4.039000000000000000e+03,5.000000001000558996e+02,-5.752068002143088596e-04
4.040000000000000000e+03,5.000000000984053941e+02,4.168017819211789648e-04
4.041000000000000000e+03,5.000000000967548885e+02,7.049644939537446416e-04
4.042000000000000000e+03,5.000000000951043830e+02,2.506118841804992462e-04
4.043000000000000000e+03,5.000000000934538775e+02,1.034196932840704452e-03
4.044000000000000000e+03,5.000000000918033720e+02,6.353875643881188749e-04
4.045000000000000000e+03,5.000000000901528665e+02,-4.355420747470316691e-04
4.046000000000000000e+03,5.000000000885023610e+02,1.098812118841128137e-03
4.047000000000000000e+03,5.000000000868518555e+02,1.032818016796819812e-03
4.048000000000000000e+03,5.000000000852013500e+02,-3.615812597011897316e-04
4.049000000000000000e+03,5.000000000835509013e+02,1.357771307854611833e-03
4.050000000000000000e+03,5.000000000819003958e+02,9.318422664436213981e-04
4.051000000000000000e+03,5.000000000802498903e+02,1.308810544181206051e-03
4.052000000000000000e+03,5.000000000785993848e+02,1.643904117224316639e-04
4.053000000000000000e+03,5.000000000769488793e+02,5.244807650934284107e-04
4.054000000000000000e+03,5.000000000752983738e+02,-3.816626780323530881e-04
4.055000000000000000e+03,5.000000000736478682e+02,1.345594378474366084e-03
4.056000000000000000e+03,5.000000000719973627e+02,8.787784678452225046e-04
4.057000000000000000e+03,5.000000000703468572e+02,6.192811498053989432e-04
4.058000000000000000e+03,5.000000000686963517e+02,-8.281612679236874689e-04
4.059000000000000000e+03,5.000000000670458462e+02,-1.305706212277829223e-03
4.060000000000000000e+03,5.000000000653953407e+02,4.444338502515291928e-07
4.061000000000000000e+03,5.000000000637448352e+02,3.129292447716479223e-04
4.062000000000000000e+03,5.000000000620943297e+02,-5.413839091201237902e-04
4.063000000000000000e+03,5.000000000604438242e+02,1.336781137919737690e-03
4.064000000000000000e+03,5.000000000587933187e+02,-7.664933008187013643e-04
4.065000000000000000e+03,5.000000000571428131e+02,-1.343585711520325953e-03
4.066000000000000000e+03,5.000000000554923076e+02,-7.555721635538687538e-05
4.067000000000000000e+03,5.000000000538418021e+02,-1.717902815568779712e-04
4.068000000000000000e+03,5.000000000521912966e+02,1.090436812990161486e-03
4.069000000000000000e+03,5.000000000505407911e+02,-2.855641238700816508e-04
4.070000000000000000e+03,5.000000000488902856e+02,-6.010312056344912319e-04
4.071000000000000000e+03,5.000000000472397801e+02,1.714285434374976109e-04
4.072000000000000000e+03,5.000000000464809204e+02,1.114650388641646658e-03
4.073000000000000000e+03,5.000000000462010235e+02,-4.024813664561983375e-04
4.074000000000000000e+03,5.000000000459210696e+02,9.959789047609366190e-05
4.075000000000000000e+03,5.000000000456411726e+02,2.199637207022736790e-04
4.076000000000000000e+03,5.000000000453612756e+02,-1.367441293317865224e-04
4.077000000000000000e+03,5.000000000450813218e+02,-1.213356623852373476e-03
4.078000000000000000e+03,5.000000000448014248e+02,-1.382812629871588454e-03
4.079000000000000000e+03,5.000000000445214710e+02,-1.011747891231200075e-03
4.080000000000000000e+03,5.000000000442415740e+02,-1.008367224070225729e-03
4.081000000000000000e+03,5.000000000439616770e+02,-2.061389484575963942e-05
4.082000000000000000e+03,5.000000000436817231e+02,-1.239828268951392734e-03
4.083000000000000000e+03,5.000000000434018261e+02,9.629579578203836246e-04
4.084000000000000000e+03,5.000000000431219291e+02,6.541764624772958454e-04
4.085000000000000000e+03,5.000000000428419753e+02,6.636947847288833741e-04
4.086000000000000000e+03,5.000000000425620783e+02,-5.653784660246536069e-04
4.087000000000000000e+03,5.000000000422821245e+02,-8.684019870179826269e-04
4.088000000000000000e+03,5.000000000420022275e+02,6.151675780316660574e-04
4.089000000000000000e+03,5.000000000417223305e+02,9.044121511457872383e-04
4.090000000000000000e+03,5.000000000414423766e+02,-1.083606286620885858e-03
4.091000000000000000e+03,5.000000000411624796e+02,-9.200362391844069251e-04
4.092000000000000000e+03,5.000000000408825258e+02,-4.191299893651611588e-04
4.093000000000000000e+03,5.000000000406026288e+02,-2.090642195886139372e-04
4.094000000000000000e+03,5.000000000403227318e+02,1.019292463421192247e-03
4.095000000000000000e+03,5.000000000400427780e+02,-1.128778968676087896e-03
4.096000000000000000e+03,5.000000000397628810e+02,-2.050856056545574636e-04
4.097000000000000000e+03,5.000000000394829840e+02,-2.579487974700293341e-04
4.098000000000000000e+03,5.000000000392030302e+02,-5.539844024934556521e-04
4.099000000000000000e+03,5.000000000389231332e+02,2.972278199117747645e-04
4.100000000000000000e+03,5.000000000386431793e+02,-3.459371070020334730e-04
4.101000000000000000e+03,5.000000000383632823e+02,8.517735573373475021e-04
4.102000000000000000e+03,5.000000000380833853e+02,-2.745920474748392618e-04
4.103000000000000000e+03,5.000000000378034315e+02,-8.230789313722809307e-04
4.104000000000000000e+03,5.000000000375235345e+02,-1.229152830492276360e-03
4.105000000000000000e+03,5.000000000372436375e+02,5.811768892193457060e-04
4.106000000000000000e+03,5.000000000369636837e+02,5.609299787258932406e-04
4.107000000000000000e+03,5.000000000366837867e+02,-4.862378496945532025e-04
4.108000000000000000e+03,5.000000000364038328e+02,-6.865373257772814297e-04
4.109000000000000000e+03,5.000000000361239358e+02,-7.083344080449410687e-04
4.110000000000000000e+03,5.000000000358440388e+02,5.116357460682852522e-04
4.111000000000000000e+03,5.000000000355640850e+02,3.743144294790614669e-04
4.112000000000000000e+03,5.000000000352841880e+02,6.725602176036734681e-04
4.113000000000000000e+03,5.000000000350042342e+02,-3.014764071184247046e-04
4.114000000000000000e+03,5.000000000347243372e+02,2.046072042850789394e-04
4.115000000000000000e+03,5.000000000344444402e+02,2.970011428162734808e-04
4.116000000000000000e+03,5.000000000341644864e+02,8.529776403626538423e-04
4.117000000000000000e+03,5.000000000338845894e+02,-8.033373187734756029e-04
4.118000000000000000e+03,5.000000000336046924e+02,1.448499902965800178e-04
4.119000000000000000e+03,5.000000000333247385e+02,8.862676024151005952e-04
4.120000000000000000e+03,5.000000000330448415e+02,-1.504133452261411155e-04
4.121000000000000000e+03,5.000000000327648877e+02,-8.854815421559897272e-04
4.122000000000000000e+03,5.000000000324849907e+02,8.721406850379624263e-04
4.123000000000000000e+03,5.000000000322050937e+02,-9.760709784599615971e-04
4.124000000000000000e+03,5.000000000319251399e+02,-1.307230035629427948e-03
4.125000000000000000e+03,5.000000000316452429e+02,1.018924647328832075e-03
4.126000000000000000e+03,5.000000000313653459e+02,1.257084748839358687e-04
4.127000000000000000e+03,5.000000000310853920e+02,7.335952899582825083e-04
4.128000000000000000e+03,5.000000000308054950e+02,1.120138902698854374e-03
4.129000000000000000e+03,5.000000000305255412e+02,-1.358247195549822355e-03
4.130000000000000000e+03,5.000000000302456442e+02,-8.021865166194867532e-04
4.131000000000000000e+03,5.000000000299657472e+02,-1.019779187533060351e-04
4.132000000000000000e+03,5.000000000296857934e+02,-1.357223154320800454e-04
4.133000000000000000e+03,5.000000000294058964e+02,5.021637451303140277e-04
4.134000000000000000e+03,5.000000000291259425e+02,1.535369798673970896e-04
4.135000000000000000e+03,5.000000000288460456e+02,4.091605907813928742e-04
4.136000000000000000e+03,5.000000000285661486e+02,-4.464377248268827539e-04
4.137000000000000000e+03,5.000000000282861947e+02,-1.352932138356657344e-03
4.138000000000000000e+03,5.000000000280062977e+02,9.432521289501617475e-04
4.139000000000000000e+03,5.000000000277264007e+02,8.862454309903152914e-04
4.140000000000000000e+03,5.000000000274464469e+02,-1.339086592091077305e-03
4.141000000000000000e+03,5.000000000271665499e+02,3.874914928256144856e-05
4.142000000000000000e+03,5.000000000268865961e+02,-6.323993173006282236e-04
4.143000000000000000e+03,5.000000000266066991e+02,5.546070187884246305e-04
4.144000000000000000e+03,5.000000000263268021e+02,-8.023197596492487923e-04
4.145000000000000000e+03,5.000000000260468482e+02,1.176781496841970785e-03
4.146000000000000000e+03,5.000000000257669512e+02,9.794461416308979009e-04
4.147000000000000000e+03,5.000000000254870542e+02,-6.391315719807703953e-04
4.148000000000000000e+03,5.000000000252071004e+02,-1.191110788324185009e-03
4.149000000000000000e+03,5.000000000249272034e+02,1.612986259578604010e-05
4.150000000000000000e+03,5.000000000246472496e+02,1.327726730893517794e-03
4.151000000000000000e+03,5.000000000243673526e+02,8.852322010199905949e-04
4.152000000000000000e+03,5.000000000240874556e+02,1.041779424637007036e-03
4.153000000000000000e+03,5.000000000238075017e+02,4.460233927342428404e-04
4.154000000000000000e+03,5.000000000235276048e+02,8.475346024079921355e-04
4.155000000000000000e+03,5.000000000232477078e+02,3.852711002165885184e-04
4.156000000000000000e+03,5.000000000229677539e+02,-1.114979130875089946e-03
4.157000000000000000e+03,5.000000000226878569e+02,3.746636511677821986e-04
4.158000000000000000e+03,5.000000000224079031e+02,8.186466644374577124e-05
4.159000000000000000e+03,5.000000000221280061e+02,4.557581768359601640e-04
4.160000000000000000e+03,5.000000000218481091e+02,1.401400004413190428e-04
4.161000000000000000e+03,5.000000000215681553e+02,-1.055122804254932318e-03
4.162000000000000000e+03,5.000000000212882583e+02,-4.740738117898650786e-04
4.163000000000000000e+03,5.000000000210083044e+02,-1.120677397846522915e-03
4.164000000000000000e+03,5.000000000207284074e+02,-3.048897547269683954e-04
4.165000000000000000e+03,5.000000000204485104e+02,-1.138405656593595569e-03
4.166000000000000000e+03,5.000000000201685566e+02,-7.213885034894882732e-04
4.167000000000000000e+03,5.000000000198886596e+02,-6.342789242069691484e-04
4.168000000000000000e+03,5.000000000196087626e+02,-9.198628721111546920e-04
4.169000000000000000e+03,5.000000000193288088e+02,-1.341958544854217599e-03
4.170000000000000000e+03,5.000000000190489118e+02,8.077486223323489083e-04
4.171000000000000000e+03,5.000000000187689579e+02,-7.787511829248702907e-04
4.172000000000000000e+03,5.000000000184890609e+02,5.809680345473963682e-04
4.173000000000000000e+03,5.000000000182091640e+02,1.301897770898667161e-03
4.174000000000000000e+03,5.000000000179292101e+02,-4.204970443358364168e-04
4.175000000000000000e+03,5.000000000176493131e+02,1.005837467681501693e-03
4.176000000000000000e+03,5.000000000173694161e+02,1.014816947164700169e-03
4.177000000000000000e+03,5.000000000170894623e+02,-1.034622818084211717e-03
4.178000000000000000e+03,5.000000000168095653e+02,-3.421382646357136616e-05
4.179000000000000000e+03,5.000000000165296115e+02,-6.712380452574470951e-04
4.180000000000000000e+03,5.000000000162497145e+02,1.437915950053629793e-04
4.181000000000000000e+03,5.000000000159698175e+02,8.411681494050473554e-04
4.182000000000000000e+03,5.000000000156898636e+02,4.289151691725897643e-04
4.183000000000000000e+03,5.000000000154099666e+02,6.390259702404953559e-04
4.184000000000000000e+03,5.000000000151300128e+02,-5.654849372605292744e-04
4.185000000000000000e+03,5.000000000148501158e+02,-2.637642934863425326e-04
4.186000000000000000e+03,5.000000000145702188e+02,1.026564888456977468e-03
4.187000000000000000e+03,5.000000000142902650e+02,2.455425545118768605e-04
4.188000000000000000e+03,5.000000000140103680e+02,4.401586644594705821e-04
4.189000000000000000e+03,5.000000000137304710e+02,-1.183446527916610274e-03
4.190000000000000000e+03,5.000000000134505171e+02,-3.830420472907758380e-04
4.191000000000000000e+03,5.000000000131706202e+02,-1.051939907743705722e-03
4.192000000000000000e+03,5.000000000128906663e+02,5.425009102721880432e-04
4.193000000000000000e+03,5.000000000126107693e+02,-1.082661878021553854e-03
4.194000000000000000e+03,5.000000000123308723e+02,-5.600645316159795191e-04
4.195000000000000000e+03,5.000000000120509185e+02,-1.009879138620500697e-03
4.196000000000000000e+03,5.000000000117710215e+02,-7.268159676555961809e-04
4.197000000000000000e+03,5.000000000114911245e+02,-1.207396457503039479e-03
4.198000000000000000e+03,5.000000000112111707e+02,-1.839667599286313408e-04
4.199000000000000000e+03,5.000000000109312737e+02,5.827704496236252567e-04
4.200000000000000000e+03,5.000000000106513198e+02,3.608145942005390244e-04
4.201000000000000000e+03,5.000000000103714228e+02,-3.756152680611984972e-04
4.202000000000000000e+03,5.000000000100915258e+02,-3.157644188296622034e-04
4.203000000000000000e+03,5.000000000098115720e+02,2.509509902803330511e-04
4.204000000000000000e+03,5.000000000095316750e+02,2.281204971707805420e-04
4.205000000000000000e+03,5.000000000092517780e+02,9.713414258189416537e-04
4.206000000000000000e+03,5.000000000089718242e+02,-1.031761002139241004e-03
4.207000000000000000e+03,5.000000000086919272e+02,1.908488428032701121e-05
4.208000000000000000e+03,5.000000000084119733e+02,2.046088876786522669e-04
4.209000000000000000e+03,5.000000000081320763e+02,2.534137551377206587e-04
4.210000000000000000e+03,5.000000000078521794e+02,3.533819447341574917e-04
4.211000000000000000e+03,5.000000000075722255e+02,-7.959129822178728645e-04
4.212000000000000000e+03,5.000000000072923285e+02,-4.219692954835965867e-04
4.213000000000000000e+03,5.000000000070123747e+02,-3.172127542207172778e-04
4.214000000000000000e+03,5.000000000067324777e+02,-1.672036929515861858e-04
4.215000000000000000e+03,5.000000000064525807e+02,4.641628003191136122e-04
4.216000000000000000e+03,5.000000000061726269e+02,-4.533118317579969202e-04
4.217000000000000000e+03,5.000000000058927299e+02,7.748057125448393678e-04
4.218000000000000000e+03,5.000000000056128329e+02,7.364873005356563362e-04
4.219000000000000000e+03,5.000000000053328790e+02,1.342740113371146057e-03
4.220000000000000000e+03,5.000000000050529820e+02,1.830745550922092339e-04
4.221000000000000000e+03,5.000000000047730282e+02,8.149222028576023945e-04
4.222000000000000000e+03,5.000000000046583182e+02,-1.107282537787654728e-04
4.223000000000000000e+03,5.000000000045510546e+02,1.252629061000724549e-03
4.224000000000000000e+03,5.000000000044437911e+02,1.302858652281456767e-03
4.225000000000000000e+03,5.000000000043365844e+02,-8.714409974390889156e-04
4.226000000000000000e+03,5.000000000042293209e+02,7.068466388113204798e-04
4.227000000000000000e+03,5.000000000041221142e+02,-7.390199129933474210e-04
4.228000000000000000e+03,5.000000000040148507e+02,6.769476116219327964e-04
4.229000000000000000e+03,5.000000000039075871e+02,1.153084800104843891e-03
4.230000000000000000e+03,5.000000000038003805e+02,-5.308997626849349966e-04
4.231000000000000000e+03,5.000000000036931169e+02,7.013025383627709232e-04
4.232000000000000000e+03,5.000000000035858534e+02,-7.721855827169092244e-04
4.233000000000000000e+03,5.000000000034786467e+02,-2.954950406881939732e-04
4.234000000000000000e+03,5.000000000033713832e+02,9.855950633455917644e-05
4.235000000000000000e+03,5.000000000032641196e+02,-8.360807906812627640e-04
4.236000000000000000e+03,5.000000000031569130e+02,1.143564952319207776e-03
4.237000000000000000e+03,5.000000000030496494e+02,5.864087648563421750e-04
4.238000000000000000e+03,5.000000000029423859e+02,-2.642576308525186081e-04
4.239000000000000000e+03,5.000000000028351792e+02,1.264933336135369525e-03
4.240000000000000000e+03,5.000000000027279157e+02,2.745830742103031350e-05
4.241000000000000000e+03,5.000000000026207090e+02,-6.989192938601828178e-04
4.242000000000000000e+03,5.000000000025134455e+02,-1.113364643106440864e-03
4.243000000000000000e+03,5.000000000024061819e+02,1.107312951924020565e-03
4.244000000000000000e+03,5.000000000022989752e+02,8.321394465947764283e-04
4.245000000000000000e+03,5.000000000021917117e+02,1.006637805412769794e-03
4.246000000000000000e+03,5.000000000020844482e+02,1.028825133022878442e-03
4.247000000000000000e+03,5.000000000019772415e+02,-5.247481123210929761e-04
4.248000000000000000e+03,5.000000000018699780e+02,4.224527360029485556e-04
4.249000000000000000e+03,5.000000000017627144e+02,2.626375773172981131e-05
4.250000000000000000e+03,5.000000000016555077e+02,-4.235882133101295127e-04
4.251000000000000000e+03,5.000000000015482442e+02,1.148974891591770338e-03
4.251025999999999840e+03,5.000000000015454589e+02,7.062458634397705132e-04
